name,vocabulary,doi,ModellingCenter,Project,Experiment,GCM,RCM,classObs,Run,resX-atmos,resY-atmos,SoftwareVersion,SimulationDomain,region_name,xmin-atmos,xmax-atmos,ymin-atmos,ymax-atmos,pr,tas,tasmin,tasmax,TXx,TNn,Rx1day,Rx5day,DS,SPI6,SPI12,SPEI6,SPEI12,DF6,DF12,LFFP,GDD,T21.5,TX35,TX40,HDD,FD,pr_version,tas_version,tasmax_version,tasmin_version,sfcWind_version
CMIP5_ACCESS1.0_historical,ipcc,http://dx.doi.org/10.1594/WDCC/CMIP5.CSA0hi,CSIRO-BOM,CMIP5,Historical,ACCESS1-0,,,r1i1p1,1.875,1.25,,GlobalExtent,,-179.0625,179.0625,-89.375,89.375,1,1,1,1,1,1,1,1,1,1,1,1,1,1,1,1,1,1,1,1,1,1,,,,,
CMIP5_ACCESS1.0_rcp45,ipcc,http://dx.doi.org/10.1594/WDCC/CMIP5.CSA0r4,CSIRO-BOM,CMIP5,RCP45,ACCESS1-0,,,r1i1p1,1.875,1.25,,GlobalExtent,,-179.0625,179.0625,-89.375,89.375,1,1,1,1,1,1,1,1,1,1,1,1,1,1,1,1,1,1,1,1,1,1,,,,,
CMIP5_ACCESS1.0_rcp85,ipcc,http://dx.doi.org/10.1594/WDCC/CMIP5.CSA0r8,CSIRO-BOM,CMIP5,RCP85,ACCESS1-0,,,r1i1p1,1.875,1.25,,GlobalExtent,,-179.0625,179.0625,-89.375,89.375,1,1,1,1,1,1,1,1,1,1,1,1,1,1,1,1,1,1,1,1,1,1,,,,,
CMIP5_ACCESS1.3_historical,ipcc,http://dx.doi.org/10.1594/WDCC/CMIP5.CSA3hi,CSIRO-BOM,CMIP5,Historical,ACCESS1-3,,,r1i1p1,1.875,1.25,,GlobalExtent,,-179.0625,179.0625,-89.375,89.375,1,1,1,1,1,1,1,1,1,1,1,1,1,1,1,1,1,1,1,1,1,1,,,,,
CMIP5_ACCESS1.3_rcp45,ipcc,http://dx.doi.org/10.1594/WDCC/CMIP5.CSA3r4,CSIRO-BOM,CMIP5,RCP45,ACCESS1-3,,,r1i1p1,1.875,1.25,,GlobalExtent,,-179.0625,179.0625,-89.375,89.375,1,1,1,1,1,1,1,1,1,1,1,1,1,1,1,1,1,1,1,1,1,1,,,,,
CMIP5_ACCESS1.3_rcp85,ipcc,http://dx.doi.org/10.1594/WDCC/CMIP5.CSA3r8,CSIRO-BOM,CMIP5,RCP85,ACCESS1-3,,,r1i1p1,1.875,1.25,,GlobalExtent,,-179.0625,179.0625,-89.375,89.375,1,1,1,1,1,1,1,1,1,1,1,1,1,1,1,1,1,1,1,1,1,1,,,,,
CMIP5_bcc-csm1-1_historical,ipcc,http://dx.doi.org/10.1594/WDCC/CMIP5.BCB1hi,BCC,CMIP5,Historical,bcc-csm1-1,,,r1i1p1,1.875,1.875,,GlobalExtent,,-179.0625,179.0625,-89.0625,89.0625,1,1,1,1,1,1,1,1,1,1,1,1,1,1,1,1,1,1,1,1,1,1,,,,,
CMIP5_bcc-csm1-1_rcp26,ipcc,http://dx.doi.org/10.1594/WDCC/CMIP5.BCB1r2,BCC,CMIP5,RCP26,bcc-csm1-1,,,r1i1p1,1.875,1.875,,GlobalExtent,,-179.0625,179.0625,-89.0625,89.0625,1,1,1,1,1,1,1,1,1,1,1,1,1,1,1,1,1,1,1,1,1,1,,,,,
CMIP5_bcc-csm1-1_rcp45,ipcc,http://dx.doi.org/10.1594/WDCC/CMIP5.BCB1r4,BCC,CMIP5,RCP45,bcc-csm1-1,,,r1i1p1,1.875,1.875,,GlobalExtent,,-179.0625,179.0625,-89.0625,89.0625,1,1,1,1,1,1,1,1,1,1,1,1,1,1,1,1,1,1,1,1,1,1,,,,,
CMIP5_bcc-csm1-1_rcp85,ipcc,http://dx.doi.org/10.1594/WDCC/CMIP5.BCB1r8,BCC,CMIP5,RCP85,bcc-csm1-1,,,r1i1p1,1.875,1.875,,GlobalExtent,,-179.0625,179.0625,-89.0625,89.0625,1,1,1,1,1,1,1,1,1,1,1,1,1,1,1,1,1,1,1,1,1,1,,,,,
CMIP5_bcc-csm1-1-m_historical,ipcc,http://dx.doi.org/10.1594/WDCC/CMIP5.BCBMhi,BCC,CMIP5,Historical,bcc-csm1-1-m,,,r1i1p1,1.125,1.125,,GlobalExtent,,-179.4375,179.4375,-89.4375,89.4375,1,1,1,1,1,1,1,1,1,1,1,1,1,1,1,1,1,1,1,1,1,1,,,,,
CMIP5_bcc-csm1-1-m_rcp26,ipcc,http://dx.doi.org/10.1594/WDCC/CMIP5.BCBMr2,BCC,CMIP5,RCP26,bcc-csm1-1-m,,,r1i1p1,1.125,1.125,,GlobalExtent,,-179.4375,179.4375,-89.4375,89.4375,1,1,1,1,1,1,1,1,1,1,1,1,1,1,1,1,1,1,1,1,1,1,,,,,
CMIP5_bcc-csm1-1-m_rcp45,ipcc,http://dx.doi.org/10.1594/WDCC/CMIP5.BCBMr4,BCC,CMIP5,RCP45,bcc-csm1-1-m,,,r1i1p1,1.125,1.125,,GlobalExtent,,-179.4375,179.4375,-89.4375,89.4375,1,1,1,1,1,1,1,1,1,1,1,1,1,1,1,1,1,1,1,1,1,1,,,,,
CMIP5_bcc-csm1-1-m_rcp85,ipcc,http://dx.doi.org/10.1594/WDCC/CMIP5.BCBMr8,BCC,CMIP5,RCP85,bcc-csm1-1-m,,,r1i1p1,1.125,1.125,,GlobalExtent,,-179.4375,179.4375,-89.4375,89.4375,1,1,1,1,1,1,1,1,1,1,1,1,1,1,1,1,1,1,1,1,1,1,,,,,
CMIP5_BNU-ESM_historical,ipcc,http://dx.doi.org/10.1594/WDCC/CMIP5.BUBUhi,BNU,CMIP5,Historical,BNU-ESM,,,r1i1p1,2.81,2.81,,GlobalExtent,,-178.595,178.595,-88.595,88.595,1,1,1,1,1,1,1,1,1,1,1,1,1,1,1,1,1,1,1,1,1,1,,,,,
CMIP5_BNU-ESM_rcp26,ipcc,http://dx.doi.org/10.1594/WDCC/CMIP5.BUBUr2,BNU,CMIP5,RCP26,BNU-ESM,,,r1i1p1,2.81,2.81,,GlobalExtent,,-178.595,178.595,-88.595,88.595,1,1,1,1,1,1,1,1,1,1,1,1,1,1,1,1,1,1,1,1,1,1,,,,,
CMIP5_BNU-ESM_rcp45,ipcc,http://dx.doi.org/10.1594/WDCC/CMIP5.BUBUr4,BNU,CMIP5,RCP45,BNU-ESM,,,r1i1p1,2.81,2.81,,GlobalExtent,,-178.595,178.595,-88.595,88.595,1,1,1,1,1,1,1,1,1,1,1,1,1,1,1,1,1,1,1,1,1,1,,,,,
CMIP5_BNU-ESM_rcp85,ipcc,http://dx.doi.org/10.1594/WDCC/CMIP5.BUBUr8,BNU,CMIP5,RCP85,BNU-ESM,,,r1i1p1,2.81,2.81,,GlobalExtent,,-178.595,178.595,-88.595,88.595,1,1,1,1,1,1,1,1,1,1,1,1,1,1,1,1,1,1,1,1,1,1,,,,,
CMIP5_CANESM2_historical,ipcc,http://dx.doi.org/10.1594/WDCC/CMIP5.CCE2hi,CCCma,CMIP5,Historical,CanESM2,,,r1i1p1,2.7906,2.8125,,GlobalExtent,,-178.6047,178.6047,-88.59375,88.59375,1,1,1,1,1,1,1,1,1,1,1,1,1,1,1,1,1,1,1,1,1,1,,,,,
CMIP5_CANESM2_rcp26,ipcc,http://dx.doi.org/10.1594/WDCC/CMIP5.CCE2r2,CCCma,CMIP5,RCP26,CanESM2,,,r1i1p1,2.7906,2.8125,,GlobalExtent,,-178.6047,178.6047,-88.59375,88.59375,1,1,1,1,1,1,1,1,1,1,1,1,1,1,1,1,1,1,1,1,1,1,,,,,
CMIP5_CANESM2_rcp45,ipcc,http://dx.doi.org/10.1594/WDCC/CMIP5.CCE2r4,CCCma,CMIP5,RCP45,CanESM2,,,r1i1p1,2.7906,2.8125,,GlobalExtent,,-178.6047,178.6047,-88.59375,88.59375,1,1,1,1,1,1,1,1,1,1,1,1,1,1,1,1,1,1,1,1,1,1,,,,,
CMIP5_CANESM2_rcp85,ipcc,http://dx.doi.org/10.1594/WDCC/CMIP5.CCE2r8,CCCma,CMIP5,RCP85,CanESM2,,,r1i1p1,2.7906,2.8125,,GlobalExtent,,-178.6047,178.6047,-88.59375,88.59375,1,1,1,1,1,1,1,1,1,1,1,1,1,1,1,1,1,1,1,1,1,1,,,,,
CMIP5_CCSM4_historical,ipcc,http://dx.doi.org/10.1594/WDCC/CMIP5.NRS4hi,NCAR,CMIP5,Historical,CCSM4,,,r1i1p1,2,2,,GlobalExtent,,-179,179,-89,89,1,1,1,1,1,1,1,1,1,1,1,1,1,1,1,1,1,1,1,1,1,1,,,,,
CMIP5_CCSM4_rcp26,ipcc,http://dx.doi.org/10.1594/WDCC/CMIP5.NRS4r2,NCAR,CMIP5,RCP26,CCSM4,,,r1i1p1,2,2,,GlobalExtent,,-179,179,-89,89,1,1,1,1,1,1,1,1,1,1,1,1,1,1,1,1,1,1,1,1,1,1,,,,,
CMIP5_CCSM4_rcp45,ipcc,http://dx.doi.org/10.1594/WDCC/CMIP5.NRS4r4,NCAR,CMIP5,RCP45,CCSM4,,,r1i1p1,2,2,,GlobalExtent,,-179,179,-89,89,1,1,1,1,1,1,1,1,1,1,1,1,1,1,1,1,1,1,1,1,1,1,,,,,
CMIP5_CCSM4_rcp85,ipcc,http://dx.doi.org/10.1594/WDCC/CMIP5.NRS4r8,NCAR,CMIP5,RCP85,CCSM4,,,r1i1p1,2,2,,GlobalExtent,,-179,179,-89,89,1,1,1,1,1,1,1,1,1,1,1,1,1,1,1,1,1,1,1,1,1,1,,,,,
CMIP5_CESM1-BGC_historical,ipcc,http://dx.doi.org/10.1594/WDCC/CMIP5.NFCBhi,NCAR,CMIP5,Historical,CESM1-BGC,,,r1i1p1,1.25,0.9,,GlobalExtent,,-179.375,179.375,-89.55,89.55,1,1,1,1,1,1,1,1,1,1,1,1,1,1,1,1,1,1,1,1,1,1,,,,,
CMIP5_CESM1-BGC_rcp45,ipcc,http://dx.doi.org/10.1594/WDCC/CMIP5.NFCBr4,NCAR,CMIP5,RCP45,CESM1-BGC,,,r1i1p1,1.25,0.9,,GlobalExtent,,-179.375,179.375,-89.55,89.55,1,1,1,1,1,1,1,1,1,1,1,1,1,1,1,1,1,1,1,1,1,1,,,,,
CMIP5_CESM1-BGC_rcp85,ipcc,http://dx.doi.org/10.1594/WDCC/CMIP5.NFCBr8,NCAR,CMIP5,RCP85,CESM1-BGC,,,r1i1p1,1.25,0.9,,GlobalExtent,,-179.375,179.375,-89.55,89.55,1,1,1,1,1,1,1,1,1,1,1,1,1,1,1,1,1,1,1,1,1,1,,,,,
CMIP5_CESM1-CAM5_historical,ipcc,http://dx.doi.org/10.1594/WDCC/CMIP5.NFCChi,NCAR,CMIP5,Historical,CESM1-CAM5,,,r1i1p1,1.25,0.9,,GlobalExtent,,-179.375,179.375,-89.55,89.55,0,0,0,0,0,0,0,0,0,0,0,0,0,0,0,0,0,0,0,0,0,0,,,,,
CMIP5_CESM1-CAM5_rcp26,ipcc,http://dx.doi.org/10.1594/WDCC/CMIP5.NFCCr2,NCAR,CMIP5,RCP26,CESM1-CAM5,,,r1i1p1,1.25,0.9,,GlobalExtent,,-179.375,179.375,-89.55,89.55,0,0,0,0,0,0,0,0,0,0,0,0,0,0,0,0,0,0,0,0,0,0,,,,,
CMIP5_CESM1-CAM5_rcp45,ipcc,http://dx.doi.org/10.1594/WDCC/CMIP5.NFCCr4,NCAR,CMIP5,RCP45,CESM1-CAM5,,,r1i1p1,1.25,0.9,,GlobalExtent,,-179.375,179.375,-89.55,89.55,0,0,0,0,0,0,0,0,0,0,0,0,0,0,0,0,0,0,0,0,0,0,,,,,
CMIP5_CESM1-CAM5_rcp85,ipcc,http://dx.doi.org/10.1594/WDCC/CMIP5.NFCCr8,NCAR,CMIP5,RCP85,CESM1-CAM5,,,r1i1p1,1.25,0.9,,GlobalExtent,,-179.375,179.375,-89.55,89.55,0,0,0,0,0,0,0,0,0,0,0,0,0,0,0,0,0,0,0,0,0,0,,,,,
CMIP5_CMCC-CM_historical,ipcc,http://dx.doi.org/10.1594/WDCC/CMIP5.CMC0hi,CMCC,CMIP5,Historical,CMCC-CM,,,r1i1p1,1.12,1.12,,GlobalExtent,,-179.44,179.44,-89.44,89.44,1,1,1,1,1,1,1,1,1,1,1,1,1,1,1,1,1,1,1,1,1,1,,,,,
CMIP5_CMCC-CM_rcp45,ipcc,http://dx.doi.org/10.1594/WDCC/CMIP5.CMC0r4,CMCC,CMIP5,RCP45,CMCC-CM,,,r1i1p1,1.12,1.12,,GlobalExtent,,-179.44,179.44,-89.44,89.44,1,1,1,1,1,1,1,1,1,1,1,1,1,1,1,1,1,1,1,1,1,1,,,,,
CMIP5_CMCC-CM_rcp85,ipcc,http://dx.doi.org/10.1594/WDCC/CMIP5.CMC0r8,CMCC,CMIP5,RCP85,CMCC-CM,,,r1i1p1,1.12,1.12,,GlobalExtent,,-179.44,179.44,-89.44,89.44,1,1,1,1,1,1,1,1,1,1,1,1,1,1,1,1,1,1,1,1,1,1,,,,,
CMIP5_CMCC-CMS_historical,ipcc,http://dx.doi.org/10.1594/WDCC/CMIP5.CMC2hi,CMCC,CMIP5,Historical,CMCC-CMS,,,r1i1p1,1.875,1.875,,GlobalExtent,,-179.0625,179.0625,-89.0625,89.0625,1,1,1,1,1,1,1,1,1,1,1,1,1,1,1,1,1,1,1,1,1,1,,,,,
CMIP5_CMCC-CMS_rcp45,ipcc,http://dx.doi.org/10.1594/WDCC/CMIP5.CMC2r4,CMCC,CMIP5,RCP45,CMCC-CMS,,,r1i1p1,1.875,1.875,,GlobalExtent,,-179.0625,179.0625,-89.0625,89.0625,1,1,1,1,1,1,1,1,1,1,1,1,1,1,1,1,1,1,1,1,1,1,,,,,
CMIP5_CMCC-CMS_rcp85,ipcc,http://dx.doi.org/10.1594/WDCC/CMIP5.CMC2r5,CMCC,CMIP5,RCP85,CMCC-CMS,,,r1i1p1,1.875,1.875,,GlobalExtent,,-179.0625,179.0625,-89.0625,89.0625,1,1,1,1,1,1,1,1,1,1,1,1,1,1,1,1,1,1,1,1,1,1,,,,,
CMIP5_CNRM-CM5_historical,ipcc,http://dx.doi.org/10.1594/WDCC/CMIP5.CEC5hi,CNRM-/-CERFACS,CMIP5,Historical,CNRM-CM5,,,r1i1p1,1.4008,1.40625,,GlobalExtent,,-179.2996,179.2996,-89.296875,89.296875,1,1,1,1,1,1,1,1,1,1,1,1,1,1,1,1,1,1,1,1,1,1,,,,,
CMIP5_CNRM-CM5_rcp26,ipcc,http://dx.doi.org/10.1594/WDCC/CMIP5.CEC5r2,CNRM-/-CERFACS,CMIP5,RCP26,CNRM-CM5,,,r1i1p1,1.4008,1.40625,,GlobalExtent,,-179.2996,179.2996,-89.296875,89.296875,1,1,1,1,1,1,1,1,1,1,1,1,1,1,1,1,1,1,1,1,1,1,,,,,
CMIP5_CNRM-CM5_rcp45,ipcc,http://dx.doi.org/10.1594/WDCC/CMIP5.CEC5r4,CNRM-/-CERFACS,CMIP5,RCP45,CNRM-CM5,,,r1i1p1,1.4008,1.40625,,GlobalExtent,,-179.2996,179.2996,-89.296875,89.296875,1,1,1,1,1,1,1,1,1,1,1,1,1,1,1,1,1,1,1,1,1,1,,,,,
CMIP5_CNRM-CM5_rcp85,ipcc,http://dx.doi.org/10.1594/WDCC/CMIP5.CEC5r8,CNRM-/-CERFACS,CMIP5,RCP85,CNRM-CM5,,,r1i1p1,1.4008,1.40625,,GlobalExtent,,-179.2996,179.2996,-89.296875,89.296875,1,1,1,1,1,1,1,1,1,1,1,1,1,1,1,1,1,1,1,1,1,1,,,,,
CMIP5_CSIRO-Mk3.6.0_historical,ipcc,http://dx.doi.org/10.1594/WDCC/CMIP5.CQMKhi,CSIRO-QCCCE,CMIP5,Historical,CSIRO-Mk3.6.0,,,r1i1p1,1.8653,1.875,,GlobalExtent,,-179.06735,179.06735,-89.0625,89.0625,1,1,1,1,1,1,1,1,1,1,1,1,1,1,1,1,1,1,1,1,1,1,,,,,
CMIP5_CSIRO-Mk3.6.0_rcp26,ipcc,http://dx.doi.org/10.1594/WDCC/CMIP5.CQMKr2,CSIRO-QCCCE,CMIP5,RCP26,CSIRO-Mk3.6.0,,,r1i1p1,1.8653,1.875,,GlobalExtent,,-179.06735,179.06735,-89.0625,89.0625,1,1,1,1,1,1,1,1,1,1,1,1,1,1,1,1,1,1,1,1,1,1,,,,,
CMIP5_CSIRO-Mk3.6.0_rcp45,ipcc,http://dx.doi.org/10.1594/WDCC/CMIP5.CQMKr4,CSIRO-QCCCE,CMIP5,RCP45,CSIRO-Mk3.6.0,,,r1i1p1,1.8653,1.875,,GlobalExtent,,-179.06735,179.06735,-89.0625,89.0625,1,1,1,1,1,1,1,1,1,1,1,1,1,1,1,1,1,1,1,1,1,1,,,,,
CMIP5_CSIRO-Mk3.6.0_rcp85,ipcc,http://dx.doi.org/10.1594/WDCC/CMIP5.CQMKr8,CSIRO-QCCCE,CMIP5,RCP85,CSIRO-Mk3.6.0,,,r1i1p1,1.8653,1.875,,GlobalExtent,,-179.06735,179.06735,-89.0625,89.0625,1,1,1,1,1,1,1,1,1,1,1,1,1,1,1,1,1,1,1,1,1,1,,,,,
CMIP5_EC-EARTH_r12i1p1_historical,ipcc,http://cera-www.dkrz.de/WDCC/CMIP5/Compact.jsp?acronym=IHEChi,EC-EARTH-Consortium,CMIP5,Historical,EC-EARTH,,,r12i1p1,1.1215,1.125,,GlobalExtent,,-179.43925,179.43925,-89.4375,89.4375,1,1,1,1,1,1,1,1,1,1,1,1,1,1,1,1,1,1,1,1,1,1,,,,,
CMIP5_EC-EARTH_r12i1p1_rcp26,ipcc,http://cera-www.dkrz.de/WDCC/CMIP5/Compact.jsp?acronym=IHECr2,EC-EARTH-Consortium,CMIP5,RCP26,EC-EARTH,,,r12i1p1,1.1215,1.125,,GlobalExtent,,-179.43925,179.43925,-89.4375,89.4375,1,1,1,1,1,1,1,1,1,1,1,1,1,1,1,1,1,1,1,1,1,1,,,,,
CMIP5_EC-EARTH_r12i1p1_rcp45,ipcc,http://cera-www.dkrz.de/WDCC/CMIP5/Compact.jsp?acronym=IHECr4,EC-EARTH-Consortium,CMIP5,RCP45,EC-EARTH,,,r12i1p1,1.1215,1.125,,GlobalExtent,,-179.43925,179.43925,-89.4375,89.4375,1,1,1,1,1,1,1,1,1,1,1,1,1,1,1,1,1,1,1,1,1,1,,,,,
CMIP5_EC-EARTH_r12i1p1_rcp85,ipcc,http://cera-www.dkrz.de/WDCC/CMIP5/Compact.jsp?acronym=IHECr8,EC-EARTH-Consortium,CMIP5,RCP85,EC-EARTH,,,r12i1p1,1.1215,1.125,,GlobalExtent,,-179.43925,179.43925,-89.4375,89.4375,1,1,1,1,1,1,1,1,1,1,1,1,1,1,1,1,1,1,1,1,1,1,,,,,
CMIP5_FGOALS-g2_r1i1p1_historical,ipcc,https://cera-www.dkrz.de/WDCC/CMIP5/Compact.jsp?acronym=LSF2hi,LASG-CESS,CMIP5,Historical,FGOALS-g2,,,r1i1p1,2.81,1.66,,GlobalExtent,,-178.595,178.595,-89.17,89.17,1,1,1,1,1,1,1,1,1,1,1,1,1,1,1,1,1,1,1,1,1,1,,,,,
CMIP5_FGOALS-g2_r1i1p1_rcp26,ipcc,https://cera-www.dkrz.de/WDCC/CMIP5/Compact.jsp?acronym=LSF2r2,LASG-CESS,CMIP5,RCP26,FGOALS-g2,,,r1i1p1,2.81,1.66,,GlobalExtent,,-178.595,178.595,-89.17,89.17,0,1,1,1,1,1,0,0,0,0,0,0,0,0,0,1,1,1,1,1,1,1,,,,,
CMIP5_FGOALS-g2_r1i1p1_rcp45,ipcc,https://cera-www.dkrz.de/WDCC/CMIP5/Compact.jsp?acronym=LSF2r4,LASG-CESS,CMIP5,RCP45,FGOALS-g2,,,r1i1p1,2.81,1.66,,GlobalExtent,,-178.595,178.595,-89.17,89.17,0,1,1,1,1,1,0,0,0,0,0,0,0,0,0,1,1,1,1,1,1,1,,,,,
CMIP5_FGOALS-g2_r1i1p1_rcp85,ipcc,https://cera-www.dkrz.de/WDCC/CMIP5/Compact.jsp?acronym=LSF2r8,LASG-CESS,CMIP5,RCP85,FGOALS-g2,,,r1i1p1,2.81,1.66,,GlobalExtent,,-178.595,178.595,-89.17,89.17,0,1,1,1,1,1,0,0,0,0,0,0,0,0,0,1,1,1,1,1,1,1,,,,,
CMIP5_GFDL-CM3_r1i1p1_historical,ipcc,http://dx.doi.org/10.1594/WDCC/CMIP5.NGG3hi,NOAA-GFDL,CMIP5,Historical,GFDL-CM3,,,r1i1p1,1.875,1.875,,GlobalExtent,,-179.0625,179.0625,-89.0625,89.0625,1,1,1,1,1,1,1,1,1,1,1,1,1,1,1,1,1,1,1,1,1,1,,,,,
CMIP5_GFDL-CM3_r1i1p1_rcp26,ipcc,http://dx.doi.org/10.1594/WDCC/CMIP5.NGG3r2,NOAA-GFDL,CMIP5,RCP26,GFDL-CM3,,,r1i1p1,1.875,1.875,,GlobalExtent,,-179.0625,179.0625,-89.0625,89.0625,1,1,1,1,1,1,1,1,1,1,1,1,1,1,1,1,1,1,1,1,1,1,,,,,
CMIP5_GFDL-CM3_r1i1p1_rcp45,ipcc,http://dx.doi.org/10.1594/WDCC/CMIP5.NGG3r4,NOAA-GFDL,CMIP5,RCP45,GFDL-CM3,,,r1i1p1,1.875,1.875,,GlobalExtent,,-179.0625,179.0625,-89.0625,89.0625,0,0,0,0,0,0,0,0,0,0,0,0,0,0,0,0,0,0,0,0,0,0,,,,,
CMIP5_GFDL-CM3_r1i1p1_rcp85,ipcc,http://dx.doi.org/10.1594/WDCC/CMIP5.NGG3r8,NOAA-GFDL,CMIP5,RCP85,GFDL-CM3,,,r1i1p1,1.875,1.875,,GlobalExtent,,-179.0625,179.0625,-89.0625,89.0625,1,1,1,1,1,1,1,1,1,1,1,1,1,1,1,1,1,1,1,1,1,1,,,,,
CMIP5_GFDL-ESM2G_r1i1p1_historical,ipcc,http://dx.doi.org/10.1594/WDCC/CMIP5.NGEGhi,NOAA-GFDL,CMIP5,Historical,GFDL-ESM2G,,,r1i1p1,2.5,2.0225,,GlobalExtent,,-178.75,178.75,-88.98875,88.98875,1,1,1,1,1,1,1,1,1,1,1,1,1,1,1,1,1,1,1,1,1,1,,,,,
CMIP5_GFDL-ESM2G_r1i1p1_rcp26,ipcc,http://dx.doi.org/10.1594/WDCC/CMIP5.NGEGr2,NOAA-GFDL,CMIP5,RCP26,GFDL-ESM2G,,,r1i1p1,2.5,2.0225,,GlobalExtent,,-178.75,178.75,-88.98875,88.98875,1,1,1,1,1,1,1,1,1,1,1,1,1,1,1,1,1,1,1,1,1,1,,,,,
CMIP5_GFDL-ESM2G_r1i1p1_rcp45,ipcc,http://dx.doi.org/10.1594/WDCC/CMIP5.NGEGr4,NOAA-GFDL,CMIP5,RCP45,GFDL-ESM2G,,,r1i1p1,2.5,2.0225,,GlobalExtent,,-178.75,178.75,-88.98875,88.98875,1,1,1,1,1,1,1,1,1,1,1,1,1,1,1,1,1,1,1,1,1,1,,,,,
CMIP5_GFDL-ESM2G_r1i1p1_rcp85,ipcc,http://dx.doi.org/10.1594/WDCC/CMIP5.NGEGr8,NOAA-GFDL,CMIP5,RCP85,GFDL-ESM2G,,,r1i1p1,2.5,2.0225,,GlobalExtent,,-178.75,178.75,-88.98875,88.98875,1,1,1,1,1,1,1,1,1,1,1,1,1,1,1,1,1,1,1,1,1,1,,,,,
CMIP5_GFDL-ESM2M_historical,ipcc,http://dx.doi.org/10.1594/WDCC/CMIP5.NGEMhi,NOAA-GFDL,CMIP5,Historical,GFDL-ESM2M,,,r1i1p1,2.5,2.0225,,GlobalExtent,,-178.75,178.75,-88.98875,88.98875,1,1,1,1,1,1,1,1,1,1,1,1,1,1,1,1,1,1,1,1,1,1,,,,,
CMIP5_GFDL-ESM2M_rcp26,ipcc,http://dx.doi.org/10.1594/WDCC/CMIP5.NGEMr2,NOAA-GFDL,CMIP5,RCP26,GFDL-ESM2M,,,r1i1p1,2.5,2.0225,,GlobalExtent,,-178.75,178.75,-88.98875,88.98875,1,1,1,1,1,1,1,1,1,1,1,1,1,1,1,1,1,1,1,1,1,1,,,,,
CMIP5_GFDL-ESM2M_rcp45,ipcc,http://dx.doi.org/10.1594/WDCC/CMIP5.NGEMr4,NOAA-GFDL,CMIP5,RCP45,GFDL-ESM2M,,,r1i1p1,2.5,2.0225,,GlobalExtent,,-178.75,178.75,-88.98875,88.98875,1,1,1,1,1,1,1,1,1,1,1,1,1,1,1,1,1,1,1,1,1,1,,,,,
CMIP5_GFDL-ESM2M_rcp85,ipcc,http://dx.doi.org/10.1594/WDCC/CMIP5.NGEMr8,NOAA-GFDL,CMIP5,RCP85,GFDL-ESM2M,,,r1i1p1,2.5,2.0225,,GlobalExtent,,-178.75,178.75,-88.98875,88.98875,1,1,1,1,1,1,1,1,1,1,1,1,1,1,1,1,1,1,1,1,1,1,,,,,
CMIP5_HADGEM2-CC_historical,ipcc,http://dx.doi.org/10.1594/WDCC/CMIP5.MOGChi,MOHC,CMIP5,Historical,HADGEM2-CC,,,r1i1p1,1.875,1.25,,GlobalExtent,,-179.0625,179.0625,-89.375,89.375,1,1,1,1,1,1,1,1,1,1,1,1,1,1,1,1,1,1,1,1,1,1,,,,,
CMIP5_HADGEM2-CC_rcp45,ipcc,http://dx.doi.org/10.1594/WDCC/CMIP5.MOGCr4,MOHC,CMIP5,RCP45,HADGEM2-CC,,,r1i1p1,1.875,1.25,,GlobalExtent,,-179.0625,179.0625,-89.375,89.375,1,1,1,1,1,1,1,1,1,1,1,1,1,1,1,1,1,1,1,1,1,1,,,,,
CMIP5_HADGEM2-CC_rcp85,ipcc,http://dx.doi.org/10.1594/WDCC/CMIP5.MOGCr8,MOHC,CMIP5,RCP85,HADGEM2-CC,,,r1i1p1,1.875,1.25,,GlobalExtent,,-179.0625,179.0625,-89.375,89.375,1,1,1,1,1,1,1,1,1,1,1,1,1,1,1,1,1,1,1,1,1,1,,,,,
CMIP5_HADGEM2-ES_historical,ipcc,http://dx.doi.org/10.1594/WDCC/CMIP5.MOGEhi,MOHC,CMIP5,Historical,HADGEM2-ES,,,r2i1p1,1.875,1.25,,GlobalExtent,,-179.0625,179.0625,-89.375,89.375,1,1,1,1,1,1,1,1,1,1,1,1,1,1,1,1,1,1,1,1,1,1,,,,,
CMIP5_HADGEM2-ES_rcp26,ipcc,http://dx.doi.org/10.1594/WDCC/CMIP5.MOGEr2,MOHC,CMIP5,RCP26,HADGEM2-ES,,,r2i1p1,1.875,1.25,,GlobalExtent,,-179.0625,179.0625,-89.375,89.375,1,1,1,1,1,1,1,1,1,1,1,1,1,1,1,1,1,1,1,1,1,1,,,,,
CMIP5_HADGEM2-ES_rcp45,ipcc,http://dx.doi.org/10.1594/WDCC/CMIP5.MOGEr4,MOHC,CMIP5,RCP45,HADGEM2-ES,,,r2i1p1,1.875,1.25,,GlobalExtent,,-179.0625,179.0625,-89.375,89.375,1,1,1,1,1,1,1,1,1,1,1,1,1,1,1,1,1,1,1,1,1,1,,,,,
CMIP5_HADGEM2-ES_rcp85,ipcc,http://dx.doi.org/10.1594/WDCC/CMIP5.MOGEr8,MOHC,CMIP5,RCP85,HADGEM2-ES,,,r2i1p1,1.875,1.25,,GlobalExtent,,-179.0625,179.0625,-89.375,89.375,1,1,1,1,1,1,1,1,1,1,1,1,1,1,1,1,1,1,1,1,1,1,,,,,
CMIP5_INMCM4.0_historical,ipcc,http://dx.doi.org/10.1594/WDCC/CMIP5.INC4hi,INM,CMIP5,Historical,INMCM4.0,,,r1i1p1,2,1.5,,GlobalExtent,,-179,179,-89.25,89.25,1,1,1,1,1,1,1,1,1,1,1,1,1,1,1,1,1,1,1,1,1,1,,,,,
CMIP5_INMCM4.0_rcp45,ipcc,http://dx.doi.org/10.1594/WDCC/CMIP5.INC4r4,INM,CMIP5,RCP45,INMCM4.0,,,r1i1p1,2,1.5,,GlobalExtent,,-179,179,-89.25,89.25,1,1,1,1,1,1,1,1,1,1,1,1,1,1,1,1,1,1,1,1,1,1,,,,,
CMIP5_INMCM4.0_rcp85,ipcc,http://dx.doi.org/10.1594/WDCC/CMIP5.INC4r8,INM,CMIP5,RCP85,INMCM4.0,,,r1i1p1,2,1.5,,GlobalExtent,,-179,179,-89.25,89.25,1,1,1,1,1,1,1,1,1,1,1,1,1,1,1,1,1,1,1,1,1,1,,,,,
CMIP5_IPSL-CM5A-LR_historical,ipcc,http://dx.doi.org/10.1594/WDCC/CMIP5.IPILhi,IPSL,CMIP5,Historical,IPSL-CM5A-LR,,,r1i1p1,3.75,1.9,,GlobalExtent,,-178.125,178.125,-89.05,89.05,1,1,1,1,1,1,1,1,1,1,1,1,1,1,1,1,1,1,1,1,1,1,,,,,
CMIP5_IPSL-CM5A-LR_rcp26,ipcc,http://dx.doi.org/10.1594/WDCC/CMIP5.IPILr2,IPSL,CMIP5,RCP26,IPSL-CM5A-LR,,,r1i1p1,3.75,1.9,,GlobalExtent,,-178.125,178.125,-89.05,89.05,1,1,1,1,1,1,1,1,1,1,1,1,1,1,1,1,1,1,1,1,1,1,,,,,
CMIP5_IPSL-CM5A-LR_rcp45,ipcc,http://dx.doi.org/10.1594/WDCC/CMIP5.IPILr4,IPSL,CMIP5,RCP45,IPSL-CM5A-LR,,,r1i1p1,3.75,1.9,,GlobalExtent,,-178.125,178.125,-89.05,89.05,1,1,1,1,1,1,1,1,1,1,1,1,1,1,1,1,1,1,1,1,1,1,,,,,
CMIP5_IPSL-CM5A-LR_rcp85,ipcc,http://dx.doi.org/10.1594/WDCC/CMIP5.IPILr8,IPSL,CMIP5,RCP85,IPSL-CM5A-LR,,,r1i1p1,3.75,1.9,,GlobalExtent,,-178.125,178.125,-89.05,89.05,1,1,1,1,1,1,1,1,1,1,1,1,1,1,1,1,1,1,1,1,1,1,,,,,
CMIP5_IPSL-CM5A-MR_historical,ipcc,http://dx.doi.org/10.1594/WDCC/CMIP5.IPIMhi,IPSL,CMIP5,Historical,IPSL-CM5A-MR,,,r1i1p1,2.5,1.2676,,GlobalExtent,,-178.75,178.75,-89.3662,89.3662,1,1,1,1,1,1,1,1,1,1,1,1,1,1,1,1,1,1,1,1,1,1,,,,,
CMIP5_IPSL-CM5A-MR_rcp26,ipcc,http://dx.doi.org/10.1594/WDCC/CMIP5.IPIMr2,IPSL,CMIP5,RCP26,IPSL-CM5A-MR,,,r1i1p1,2.5,1.2676,,GlobalExtent,,-178.75,178.75,-89.3662,89.3662,1,1,1,1,1,1,1,1,1,1,1,1,1,1,1,1,1,1,1,1,1,1,,,,,
CMIP5_IPSL-CM5A-MR_rcp45,ipcc,http://dx.doi.org/10.1594/WDCC/CMIP5.IPIMr4,IPSL,CMIP5,RCP45,IPSL-CM5A-MR,,,r1i1p1,2.5,1.2676,,GlobalExtent,,-178.75,178.75,-89.3662,89.3662,1,1,1,1,1,1,1,1,1,1,1,1,1,1,1,1,1,1,1,1,1,1,,,,,
CMIP5_IPSL-CM5A-MR_rcp85,ipcc,http://dx.doi.org/10.1594/WDCC/CMIP5.IPIMr8,IPSL,CMIP5,RCP85,IPSL-CM5A-MR,,,r1i1p1,2.5,1.2676,,GlobalExtent,,-178.75,178.75,-89.3662,89.3662,1,1,1,1,1,1,1,1,1,1,1,1,1,1,1,1,1,1,1,1,1,1,,,,,
CMIP5_IPSL-CM5B-LR_historical,ipcc,http://dx.doi.org/10.1594/WDCC/CMIP5.IPIBhi,IPSL,CMIP5,Historical,IPSL-CM5B-LR,,,r1i1p1,3.75,1.9,,GlobalExtent,,-178.125,178.125,-89.05,89.05,1,1,1,1,1,1,1,1,1,1,1,1,1,1,1,1,1,1,1,1,1,1,,,,,
CMIP5_IPSL-CM5B-LR_rcp45,ipcc,http://dx.doi.org/10.1594/WDCC/CMIP5.IPIBr4,IPSL,CMIP5,RCP45,IPSL-CM5B-LR,,,r1i1p1,3.75,1.9,,GlobalExtent,,-178.125,178.125,-89.05,89.05,1,1,1,1,1,1,1,1,1,1,1,1,1,1,1,1,1,1,1,1,1,1,,,,,
CMIP5_IPSL-CM5B-LR_rcp85,ipcc,http://dx.doi.org/10.1594/WDCC/CMIP5.IPIBr8,IPSL,CMIP5,RCP85,IPSL-CM5B-LR,,,r1i1p1,3.75,1.9,,GlobalExtent,,-178.125,178.125,-89.05,89.05,1,1,1,1,1,1,1,1,1,1,1,1,1,1,1,1,1,1,1,1,1,1,,,,,
CMIP5_MIROC5_historical,ipcc,http://dx.doi.org/10.1594/WDCC/CMIP5.MIM5hi,JAMSTEC-/-AORI-/-NIES,CMIP5,Historical,MIROC5,,,r1i1p1,1.40625,1.4008,,GlobalExtent,,-179.296875,179.296875,-89.2996,89.2996,1,1,1,1,1,1,1,1,1,1,1,1,1,1,1,1,1,1,1,1,1,1,,,,,
CMIP5_MIROC5_rcp26,ipcc,http://dx.doi.org/10.1594/WDCC/CMIP5.MIM5r2,JAMSTEC-/-AORI-/-NIES,CMIP5,RCP26,MIROC5,,,r1i1p1,1.40625,1.4008,,GlobalExtent,,-179.296875,179.296875,-89.2996,89.2996,1,1,1,1,1,1,1,1,1,1,1,1,1,1,1,1,1,1,1,1,1,1,,,,,
CMIP5_MIROC5_rcp45,ipcc,http://dx.doi.org/10.1594/WDCC/CMIP5.MIM5r4,JAMSTEC-/-AORI-/-NIES,CMIP5,RCP45,MIROC5,,,r1i1p1,1.40625,1.4008,,GlobalExtent,,-179.296875,179.296875,-89.2996,89.2996,1,1,1,1,1,1,1,1,1,1,1,1,1,1,1,1,1,1,1,1,1,1,,,,,
CMIP5_MIROC5_rcp85,ipcc,http://dx.doi.org/10.1594/WDCC/CMIP5.MIM5r8,JAMSTEC-/-AORI-/-NIES,CMIP5,RCP85,MIROC5,,,r1i1p1,1.40625,1.4008,,GlobalExtent,,-179.296875,179.296875,-89.2996,89.2996,1,1,1,1,1,1,1,1,1,1,1,1,1,1,1,1,1,1,1,1,1,1,,,,,
CMIP5_MIROC-ESM_historical,ipcc,http://dx.doi.org/10.1594/WDCC/CMIP5.MIMEhi,JAMSTEC-/-AORI-/-NIES,CMIP5,Historical,MIROC-ESM,,,r1i1p1,2.8125,2.7906,,GlobalExtent,,-178.59375,178.59375,-88.6047,88.6047,1,1,1,1,1,1,1,1,1,1,1,1,1,1,1,1,1,1,1,1,1,1,,,,,
CMIP5_MIROC-ESM_rcp26,ipcc,http://dx.doi.org/10.1594/WDCC/CMIP5.MIMEr2,JAMSTEC-/-AORI-/-NIES,CMIP5,RCP26,MIROC-ESM,,,r1i1p1,2.8125,2.7906,,GlobalExtent,,-178.59375,178.59375,-88.6047,88.6047,1,1,1,1,1,1,1,1,1,1,1,1,1,1,1,1,1,1,1,1,1,1,,,,,
CMIP5_MIROC-ESM_rcp45,ipcc,http://dx.doi.org/10.1594/WDCC/CMIP5.MIMEr4,JAMSTEC-/-AORI-/-NIES,CMIP5,RCP45,MIROC-ESM,,,r1i1p1,2.8125,2.7906,,GlobalExtent,,-178.59375,178.59375,-88.6047,88.6047,1,1,1,1,1,1,1,1,1,1,1,1,1,1,1,1,1,1,1,1,1,1,,,,,
CMIP5_MIROC-ESM_rcp85,ipcc,http://dx.doi.org/10.1594/WDCC/CMIP5.MIMEr8,JAMSTEC-/-AORI-/-NIES,CMIP5,RCP85,MIROC-ESM,,,r1i1p1,2.8125,2.7906,,GlobalExtent,,-178.59375,178.59375,-88.6047,88.6047,1,1,1,1,1,1,1,1,1,1,1,1,1,1,1,1,1,1,1,1,1,1,,,,,
CMIP5_MIROC-ESM-CHEM_historical,ipcc,http://dx.doi.org/10.1594/WDCC/CMIP5.MIM7hi,JAMSTEC-/-AORI-/-NIES,CMIP5,Historical,MIROC-ESM-CHEM,,,r1i1p1,2.8125,2.7906,,GlobalExtent,,-178.59375,178.59375,-88.6047,88.6047,1,1,1,1,1,1,1,1,1,1,1,1,1,1,1,1,1,1,1,1,1,1,,,,,
CMIP5_MIROC-ESM-CHEM_rcp26,ipcc,http://dx.doi.org/10.1594/WDCC/CMIP5.MIM7r2,JAMSTEC-/-AORI-/-NIES,CMIP5,RCP26,MIROC-ESM-CHEM,,,r1i1p1,2.8125,2.7906,,GlobalExtent,,-178.59375,178.59375,-88.6047,88.6047,1,1,1,1,1,1,1,1,1,1,1,1,1,1,1,1,1,1,1,1,1,1,,,,,
CMIP5_MIROC-ESM-CHEM_rcp45,ipcc,http://dx.doi.org/10.1594/WDCC/CMIP5.MIM7r4,JAMSTEC-/-AORI-/-NIES,CMIP5,RCP45,MIROC-ESM-CHEM,,,r1i1p1,2.8125,2.7906,,GlobalExtent,,-178.59375,178.59375,-88.6047,88.6047,1,1,1,1,1,1,1,1,1,1,1,1,1,1,1,1,1,1,1,1,1,1,,,,,
CMIP5_MIROC-ESM-CHEM_rcp85,ipcc,http://dx.doi.org/10.1594/WDCC/CMIP5.MIM7r8,JAMSTEC-/-AORI-/-NIES,CMIP5,RCP85,MIROC-ESM-CHEM,,,r1i1p1,2.8125,2.7906,,GlobalExtent,,-178.59375,178.59375,-88.6047,88.6047,1,1,1,1,1,1,1,1,1,1,1,1,1,1,1,1,1,1,1,1,1,1,,,,,
CMIP5_MPI-ESM-LR_historical,ipcc,http://dx.doi.org/10.1594/WDCC/CMIP5.MXELhi,MPI-M,CMIP5,Historical,MPI-ESM-LR,,,r1i1p1,1.875,1.8653,,GlobalExtent,,-179.0625,179.0625,-89.06735,89.06735,1,1,1,1,1,1,1,1,1,1,1,1,1,1,1,1,1,1,1,1,1,1,,,,,
CMIP5_MPI-ESM-LR_rcp26,ipcc,http://dx.doi.org/10.1594/WDCC/CMIP5.MXELr2,MPI-M,CMIP5,RCP26,MPI-ESM-LR,,,r1i1p1,1.875,1.8653,,GlobalExtent,,-179.0625,179.0625,-89.06735,89.06735,1,1,1,1,1,1,1,1,1,1,1,1,1,1,1,1,1,1,1,1,1,1,,,,,
CMIP5_MPI-ESM-LR_rcp45,ipcc,http://dx.doi.org/10.1594/WDCC/CMIP5.MXELr4,MPI-M,CMIP5,RCP45,MPI-ESM-LR,,,r1i1p1,1.875,1.8653,,GlobalExtent,,-179.0625,179.0625,-89.06735,89.06735,1,1,1,1,1,1,1,1,1,1,1,1,1,1,1,1,1,1,1,1,1,1,,,,,
CMIP5_MPI-ESM-LR_rcp85,ipcc,http://dx.doi.org/10.1594/WDCC/CMIP5.MXELr8,MPI-M,CMIP5,RCP85,MPI-ESM-LR,,,r1i1p1,1.875,1.8653,,GlobalExtent,,-179.0625,179.0625,-89.06735,89.06735,1,1,1,1,1,1,1,1,1,1,1,1,1,1,1,1,1,1,1,1,1,1,,,,,
CMIP5_MPI-ESM-MR_historical,ipcc,http://dx.doi.org/10.1594/WDCC/CMIP5.MXMRhi,MPI-M,CMIP5,Historical,MPI-ESM-MR,,,r1i1p1,1.875,1.8653,,GlobalExtent,,-179.0625,179.0625,-89.06735,89.06735,1,1,1,1,1,1,1,1,1,1,1,1,1,1,1,1,1,1,1,1,1,1,,,,,
CMIP5_MPI-ESM-MR_rcp26,ipcc,http://dx.doi.org/10.1594/WDCC/CMIP5.MXMRr2,MPI-M,CMIP5,RCP26,MPI-ESM-MR,,,r1i1p1,1.875,1.8653,,GlobalExtent,,-179.0625,179.0625,-89.06735,89.06735,1,1,1,1,1,1,1,1,1,1,1,1,1,1,1,1,1,1,1,1,1,1,,,,,
CMIP5_MPI-ESM-MR_rcp45,ipcc,http://dx.doi.org/10.1594/WDCC/CMIP5.MXMRr4,MPI-M,CMIP5,RCP45,MPI-ESM-MR,,,r1i1p1,1.875,1.8653,,GlobalExtent,,-179.0625,179.0625,-89.06735,89.06735,1,1,1,1,1,1,1,1,1,1,1,1,1,1,1,1,1,1,1,1,1,1,,,,,
CMIP5_MPI-ESM-MR_rcp85,ipcc,http://dx.doi.org/10.1594/WDCC/CMIP5.MXMRr8,MPI-M,CMIP5,RCP85,MPI-ESM-MR,,,r1i1p1,1.875,1.8653,,GlobalExtent,,-179.0625,179.0625,-89.06735,89.06735,1,1,1,1,1,1,1,1,1,1,1,1,1,1,1,1,1,1,1,1,1,1,,,,,
CMIP5_MRI-CGCM3_historical,ipcc,http://dx.doi.org/10.1594/WDCC/CMIP5.MRMChi,MRI,CMIP5,Historical,MRI-CGCM3,,,r1i1p1,2.8,2.8,,GlobalExtent,,-178.6,178.6,-88.6,88.6,1,1,1,1,1,1,1,1,1,1,1,1,1,1,1,1,1,1,1,1,1,1,,,,,
CMIP5_MRI-CGCM3_rcp26,ipcc,http://dx.doi.org/10.1594/WDCC/CMIP5.MRMCr2,MRI,CMIP5,RCP26,MRI-CGCM3,,,r1i1p1,2.8,2.8,,GlobalExtent,,-178.6,178.6,-88.6,88.6,1,1,1,1,1,1,1,1,1,1,1,1,1,1,1,1,1,1,1,1,1,1,,,,,
CMIP5_MRI-CGCM3_rcp45,ipcc,http://dx.doi.org/10.1594/WDCC/CMIP5.MRMCr4,MRI,CMIP5,RCP45,MRI-CGCM3,,,r1i1p1,2.8,2.8,,GlobalExtent,,-178.6,178.6,-88.6,88.6,1,1,1,1,1,1,1,1,1,1,1,1,1,1,1,1,1,1,1,1,1,1,,,,,
CMIP5_MRI-CGCM3_rcp85,ipcc,http://dx.doi.org/10.1594/WDCC/CMIP5.MRMCr8,MRI,CMIP5,RCP85,MRI-CGCM3,,,r1i1p1,2.8,2.8,,GlobalExtent,,-178.6,178.6,-88.6,88.6,1,1,1,1,1,1,1,1,1,1,1,1,1,1,1,1,1,1,1,1,1,1,,,,,
CMIP5_NCC-NORESM1-M_historical,ipcc,http://dx.doi.org/10.1594/WDCC/CMIP5.NCCNMhi,NCC,CMIP5,Historical,NORESM1-M,,,r1i1p1,2.5,1.8947,,GlobalExtent,,-178.75,178.75,-89.05265,89.05265,1,1,1,1,1,1,1,1,1,1,1,1,1,1,1,1,1,1,1,1,1,1,,,,,
CMIP5_NCC-NORESM1-M_rcp26,ipcc,http://dx.doi.org/10.1594/WDCC/CMIP5.NCCNMr2,NCC,CMIP5,RCP26,NORESM1-M,,,r1i1p1,2.5,1.8947,,GlobalExtent,,-178.75,178.75,-89.05265,89.05265,1,1,1,1,1,1,1,1,1,1,1,1,1,1,1,1,1,1,1,1,1,1,,,,,
CMIP5_NCC-NORESM1-M_rcp45,ipcc,http://dx.doi.org/10.1594/WDCC/CMIP5.NCCNMr4,NCC,CMIP5,RCP45,NORESM1-M,,,r1i1p1,2.5,1.8947,,GlobalExtent,,-178.75,178.75,-89.05265,89.05265,1,1,1,1,1,1,1,1,1,1,1,1,1,1,1,1,1,1,1,1,1,1,,,,,
CMIP5_NCC-NORESM1-M_rcp85,ipcc,http://dx.doi.org/10.1594/WDCC/CMIP5.NCCNMr8,NCC,CMIP5,RCP85,NORESM1-M,,,r1i1p1,2.5,1.8947,,GlobalExtent,,-178.75,178.75,-89.05265,89.05265,1,1,1,1,1,1,1,1,1,1,1,1,1,1,1,1,1,1,1,1,1,1,,,,,
CMIP6_NorESM2-LM_historical,ipcc,https://doi.org/10.22033/ESGF/CMIP6.8036,NCC,CMIP6,Historical,NorESM2-LM,,,r1i1p1f1,2.5,1.89,,GlobalExtent,,-178.75,178.75,-89.055,89.055,1,1,1,1,1,1,1,1,1,1,1,1,1,1,1,1,1,1,1,1,1,1,v20190815,v20190815,v20190815,v20190815,
CMIP6_NorESM2-LM_ssp126,ipcc,https://doi.org/10.22033/ESGF/CMIP6.8248,NCC,CMIP6,SSP126,NorESM2-LM,,,r1i1p1f1,2.5,1.89,,GlobalExtent,,-178.75,178.75,-89.055,89.055,1,1,1,1,1,1,1,1,1,1,1,1,1,1,1,1,1,1,1,1,1,1,v20191108,v20191108,v20191108,v20191108,
CMIP6_NorESM2-LM_ssp245,ipcc,https://doi.org/10.22033/ESGF/CMIP6.8253,NCC,CMIP6,SSP245,NorESM2-LM,,,r1i1p1f1,2.5,1.89,,GlobalExtent,,-178.75,178.75,-89.055,89.055,1,1,1,1,1,1,1,1,1,1,1,1,1,1,1,1,1,1,1,1,1,1,v20191109,v20191109,v20191109,v20191109,
CMIP6_NorESM2-LM_ssp370,ipcc,https://doi.org/10.22033/ESGF/CMIP6.8268,NCC,CMIP6,SSP370,NorESM2-LM,,,r1i1p1f1,2.5,1.89,,GlobalExtent,,-178.75,178.75,-89.055,89.055,1,1,1,1,1,1,1,1,1,1,1,1,1,1,1,1,1,1,1,1,1,1,v20191110,v20191110,v20191110,v20191110,
CMIP6_NorESM2-LM_ssp585,ipcc,https://doi.org/10.22033/ESGF/CMIP6.8319,NCC,CMIP6,SSP585,NorESM2-LM,,,r1i1p1f1,2.5,1.89,,GlobalExtent,,-178.75,178.75,-89.055,89.055,1,1,1,1,1,1,1,1,1,1,1,1,1,1,1,1,1,1,1,1,1,1,v20191111,v20191111,v20191111,v20191111,
CMIP6_NorESM2-MM_historical,ipcc,https://doi.org/10.22033/ESGF/CMIP6.8040,NCC,CMIP6,Historical,NorESM2-MM,,,r1i1p1f1,1.25,0.94,,GlobalExtent,,-179.375,179.375,-89.53,89.53,1,1,1,1,1,1,1,1,1,1,1,1,1,1,1,1,1,1,1,1,1,1,v20191108,v20191108,v20191108,v20191108,
CMIP6_NorESM2-MM_ssp126,ipcc,https://doi.org/10.22033/ESGF/CMIP6.8250,NCC,CMIP6,SSP126,NorESM2-MM,,,r1i1p1f1,1.25,0.94,,GlobalExtent,,-179.375,179.375,-89.53,89.53,1,1,1,1,1,1,1,1,1,1,1,1,1,1,1,1,1,1,1,1,1,1,v20191112,v20191112,v20191112,v20191112,
CMIP6_NorESM2-MM_ssp245,ipcc,https://doi.org/10.22033/ESGF/CMIP6.8255,NCC,CMIP6,SSP245,NorESM2-MM,,,r1i1p1f1,1.25,0.94,,GlobalExtent,,-179.375,179.375,-89.53,89.53,1,1,1,1,1,1,1,1,1,1,1,1,1,1,1,1,1,1,1,1,1,1,v20191113,v20191113,v20191113,v20191113,
CMIP6_NorESM2-MM_ssp370,ipcc,https://doi.org/10.22033/ESGF/CMIP6.8270,NCC,CMIP6,SSP370,NorESM2-MM,,,r1i1p1f1,1.25,0.94,,GlobalExtent,,-179.375,179.375,-89.53,89.53,1,1,1,1,1,1,1,1,1,1,1,1,1,1,1,1,1,1,1,1,1,1,v20191114,v20191114,v20191114,v20191114,
CMIP6_NorESM2-MM_ssp585,ipcc,https://doi.org/10.22033/ESGF/CMIP6.8321,NCC,CMIP6,SSP585,NorESM2-MM,,,r1i1p1f1,1.25,0.94,,GlobalExtent,,-179.375,179.375,-89.53,89.53,1,1,1,1,1,1,1,1,1,1,1,1,1,1,1,1,1,1,1,1,1,1,v20191115,v20191115,v20191115,v20191115,
CMIP6_AWI-CM-1-1-MR_historical,ipcc,https://doi.org/10.22033/ESGF/CMIP6.2686,AWI,CMIP6,Historical,AWI-CM-1-1-MR,,,r1i1p1f1,0.94,0.93,,GlobalExtent,,-179.53,179.53,-89.535,89.535,0,1,1,1,1,1,0,0,0,0,0,0,0,0,0,1,1,1,1,1,1,1,,v20181218,v20181218,v20181218,
CMIP6_AWI-CM-1-1-MR_ssp126,ipcc,https://doi.org/10.22033/ESGF/CMIP6.2796,AWI,CMIP6,SSP126,AWI-CM-1-1-MR,,,r1i1p1f1,0.94,0.93,,GlobalExtent,,-179.53,179.53,-89.535,89.535,1,1,1,1,1,1,1,1,1,1,1,1,1,1,1,1,1,1,1,1,1,1,v20190529 ,v20190529 ,v20190529 ,v20190529 ,
CMIP6_AWI-CM-1-1-MR_ssp245,ipcc,https://doi.org/10.22033/ESGF/CMIP6.2800,AWI,CMIP6,SSP245,AWI-CM-1-1-MR,,,r1i1p1f1,0.94,0.93,,GlobalExtent,,-179.53,179.53,-89.535,89.535,1,1,1,1,1,1,1,1,1,1,1,1,1,1,1,1,1,1,1,1,1,1,v20190529 ,v20190529 ,v20190529 ,v20190529 ,
CMIP6_AWI-CM-1-1-MR_ssp370,ipcc,https://doi.org/10.22033/ESGF/CMIP6.2803,AWI,CMIP6,SSP370,AWI-CM-1-1-MR,,,r1i1p1f1,0.94,0.93,,GlobalExtent,,-179.53,179.53,-89.535,89.535,1,1,1,1,1,1,1,1,1,1,1,1,1,1,1,1,1,1,1,1,1,1,v20190529 ,v20190529 ,v20190529 ,v20190529 ,
CMIP6_AWI-CM-1-1-MR_ssp585,ipcc,https://doi.org/10.22033/ESGF/CMIP6.2817,AWI,CMIP6,SSP585,AWI-CM-1-1-MR,,,r1i1p1f1,0.94,0.93,,GlobalExtent,,-179.53,179.53,-89.535,89.535,1,1,1,1,1,1,1,1,1,1,1,1,1,1,1,1,1,1,1,1,1,1,v20190529 ,v20190529 ,v20190529 ,v20190529 ,
CMIP6_MRI-ESM2-0_historical,ipcc,https://doi.org/10.22033/ESGF/CMIP6.6842,MRI,CMIP6,Historical,MRI-ESM2-0,,,r1i1p1f1,1.12,1.11,,GlobalExtent,,-179.44,179.44,-89.445,89.445,1,1,1,1,1,1,1,1,1,1,1,1,1,1,1,1,1,1,1,1,1,1,v20190603,v20190603,v20190603,v20190603,
CMIP6_MRI-ESM2-0_ssp126,ipcc,https://doi.org/10.22033/ESGF/CMIP6.6909,MRI,CMIP6,SSP126,MRI-ESM2-0,,,r1i1p1f1,1.12,1.11,,GlobalExtent,,-179.44,179.44,-89.445,89.445,1,1,1,1,1,1,1,1,1,1,1,1,1,1,1,1,1,1,1,1,1,1,v20190603,v20190604,v20190605,v20190606,
CMIP6_MRI-ESM2-0_ssp245,ipcc,https://doi.org/10.22033/ESGF/CMIP6.6910,MRI,CMIP6,SSP245,MRI-ESM2-0,,,r1i1p1f1,1.12,1.11,,GlobalExtent,,-179.44,179.44,-89.445,89.445,1,1,1,1,1,1,1,1,1,1,1,1,1,1,1,1,1,1,1,1,1,1,v20190604,v20190605,v20190606,v20190607,
CMIP6_MRI-ESM2-0_ssp370,ipcc,https://doi.org/10.22033/ESGF/CMIP6.6915,MRI,CMIP6,SSP370,MRI-ESM2-0,,,r1i1p1f1,1.12,1.11,,GlobalExtent,,-179.44,179.44,-89.445,89.445,1,1,1,1,1,1,1,1,1,1,1,1,1,1,1,1,1,1,1,1,1,1,v20190605,v20190606,v20190607,v20190608,
CMIP6_MRI-ESM2-0_ssp460,ipcc,https://doi.org/10.22033/ESGF/CMIP6.6926,MRI,CMIP6,SSP460,MRI-ESM2-0,,,r1i1p1f1,1.12,1.11,,GlobalExtent,,-179.44,179.44,-89.445,89.445,1,1,1,1,1,1,1,1,1,1,1,1,1,1,1,1,1,1,1,1,1,1,v20190606,v20190607,v20190608,v20190609,
CMIP6_MRI-ESM2-0_ssp585,ipcc,https://doi.org/10.22033/ESGF/CMIP6.6929,MRI,CMIP6,SSP585,MRI-ESM2-0,,,r1i1p1f1,1.12,1.11,,GlobalExtent,,-179.44,179.44,-89.445,89.445,1,1,1,1,1,1,1,1,1,1,1,1,1,1,1,1,1,1,1,1,1,1,v20190607,v20190608,v20190609,v20190610,
CMIP6_KACE-1-0-G_historical,ipcc,https://doi.org/10.22033/ESGF/CMIP6.8378,NIMS-/-KMA,CMIP6,Historical,KACE-1-0-G,,,r2i1p1f1,1.88,1.25,,GlobalExtent,,-179.06,179.06,-89.375,89.375,1,1,1,1,1,1,1,1,1,1,1,1,1,1,1,1,1,1,1,1,1,1,v20190920,v20200317,v20200317,v20200317,
CMIP6_KACE-1-0-G_ssp126,ipcc,https://doi.org/10.22033/ESGF/CMIP6.8432,NIMS-/-KMA,CMIP6,SSP126,KACE-1-0-G,,,r2i1p1f1,1.88,1.25,,GlobalExtent,,-179.06,179.06,-89.375,89.375,1,1,1,1,1,1,1,1,1,1,1,1,1,1,1,1,1,1,1,1,1,1,v20191011,v20191011,v20200316,v20200316,
CMIP6_KACE-1-0-G_ssp245,ipcc,https://doi.org/10.22033/ESGF/CMIP6.8435,NIMS-/-KMA,CMIP6,SSP245,KACE-1-0-G,,,r2i1p1f1,1.88,1.25,,GlobalExtent,,-179.06,179.06,-89.375,89.375,1,1,1,1,1,1,1,1,1,1,1,1,1,1,1,1,1,1,1,1,1,1,v20191125,,,,
CMIP6_KACE-1-0-G_ssp370,ipcc,https://doi.org/10.22033/ESGF/CMIP6.8437,NIMS-/-KMA,CMIP6,SSP370,KACE-1-0-G,,,r2i1p1f1,1.88,1.25,,GlobalExtent,,-179.06,179.06,-89.375,89.375,1,1,1,1,1,1,1,1,1,1,1,1,1,1,1,1,1,1,1,1,1,1,v20191128,,,,
CMIP6_KACE-1-0-G_ssp585,ipcc,https://doi.org/10.22033/ESGF/CMIP6.8456,NIMS-/-KMA,CMIP6,SSP585,KACE-1-0-G,,,r2i1p1f1,1.88,1.25,,GlobalExtent,,-179.06,179.06,-89.375,89.375,1,1,1,1,1,1,1,1,1,1,1,1,1,1,1,1,1,1,1,1,1,1,v20191011,v20200317,v20200317,v20200317,
CMIP6_INM-CM5-0_historical,ipcc,https://doi.org/10.22033/ESGF/CMIP6.5070,INM,CMIP6,Historical,INM-CM5-0,,,r1i1p1f1,2,1.5,,GlobalExtent,,-179,179,-89.25,89.25,1,1,1,1,1,1,1,1,1,1,1,1,1,1,1,1,1,1,1,1,1,1,v20190610,v20190610,v20190610,v20190610,
CMIP6_INM-CM5-0_ssp126,ipcc,https://doi.org/10.22033/ESGF/CMIP6.12326,INM,CMIP6,SSP126,INM-CM5-0,,,r1i1p1f1,2,1.5,,GlobalExtent,,-179,179,-89.25,89.25,1,1,1,1,1,1,1,1,1,1,1,1,1,1,1,1,1,1,1,1,1,1,v20190619,v20190619,v20190619,v20190619,
CMIP6_INM-CM5-0_ssp245,ipcc,https://doi.org/10.22033/ESGF/CMIP6.12328,INM,CMIP6,SSP245,INM-CM5-0,,,r1i1p1f1,2,1.5,,GlobalExtent,,-179,179,-89.25,89.25,1,1,1,1,1,1,1,1,1,1,1,1,1,1,1,1,1,1,1,1,1,1,v20190619,v20190619,v20190619,v20190619,
CMIP6_INM-CM5-0_ssp370,ipcc,https://doi.org/10.22033/ESGF/CMIP6.12330,INM,CMIP6,SSP370,INM-CM5-0,,,r1i1p1f1,2,1.5,,GlobalExtent,,-179,179,-89.25,89.25,1,1,1,1,1,1,1,1,1,1,1,1,1,1,1,1,1,1,1,1,1,1,v20190618,v20190618,v20190618,v20190618,
CMIP6_INM-CM5-0_ssp585,ipcc,https://doi.org/10.22033/ESGF/CMIP6.12338,INM,CMIP6,SSP585,INM-CM5-0,,,r1i1p1f1,2,1.5,,GlobalExtent,,-179,179,-89.25,89.25,1,1,1,1,1,1,1,1,1,1,1,1,1,1,1,1,1,1,1,1,1,1,v20190724,v20190724,v20190724,v20190724,
CMIP6_INM-CM4-8_historical,ipcc,https://doi.org/10.22033/ESGF/CMIP6.5069,INM,CMIP6,Historical,INM-CM4-8,,,r1i1p1f1,2,1.5,,GlobalExtent,,-179,179,-89.25,89.25,1,1,1,1,1,1,1,1,1,1,1,1,1,1,1,1,1,1,1,1,1,1,v20190530,v20190530,v20190530,v20190530,
CMIP6_INM-CM4-8_ssp126,ipcc,https://doi.org/10.22033/ESGF/CMIP6.12325,INM,CMIP6,SSP126,INM-CM4-8,,,r1i1p1f1,2,1.5,,GlobalExtent,,-179,179,-89.25,89.25,1,1,1,1,1,1,1,1,1,1,1,1,1,1,1,1,1,1,1,1,1,1,v20190603,v20190603,v20190603,v20190603,
CMIP6_INM-CM4-8_ssp245,ipcc,https://doi.org/10.22033/ESGF/CMIP6.12327,INM,CMIP6,SSP245,INM-CM4-8,,,r1i1p1f1,2,1.5,,GlobalExtent,,-179,179,-89.25,89.25,1,1,1,1,1,1,1,1,1,1,1,1,1,1,1,1,1,1,1,1,1,1,v20190603,v20190603,v20190603,v20190603,
CMIP6_INM-CM4-8_ssp370,ipcc,https://doi.org/10.22033/ESGF/CMIP6.12329,INM,CMIP6,SSP370,INM-CM4-8,,,r1i1p1f1,2,1.5,,GlobalExtent,,-179,179,-89.25,89.25,1,1,1,1,1,1,1,1,1,1,1,1,1,1,1,1,1,1,1,1,1,1,v20190603,v20190603,v20190603,v20190603,
CMIP6_INM-CM4-8_ssp585,ipcc,https://doi.org/10.22033/ESGF/CMIP6.12337,INM,CMIP6,SSP585,INM-CM4-8,,,r1i1p1f1,2,1.5,,GlobalExtent,,-179,179,-89.25,89.25,1,1,1,1,1,1,1,1,1,1,1,1,1,1,1,1,1,1,1,1,1,1,v20190603,v20190603,v20190603,v20190603,
CMIP6_FGOALS-g3_historical,ipcc,https://doi.org/10.22033/ESGF/CMIP6.3356,CAS,CMIP6,Historical,FGOALS-g3,,,r1i1p1f1,2,5.18,,GlobalExtent,,-179,179,-87.41,87.41,1,1,1,1,1,1,1,1,1,1,1,1,1,1,1,1,1,1,1,1,1,1,v20190826 ,v20190826 ,v20190826 ,v20190826 ,
CMIP6_FGOALS-g3_ssp126,ipcc,https://doi.org/10.22033/ESGF/CMIP6.3465,CAS,CMIP6,SSP126,FGOALS-g3,,,r1i1p1f1,2,5.18,,GlobalExtent,,-179,179,-87.41,87.41,1,1,1,1,1,1,1,1,1,1,1,1,1,1,1,1,1,1,1,1,1,1,v20190818,"v20190818,v20190819","v20190818,v20190819 ","v20190818,v20190819",
CMIP6_FGOALS-g3_ssp245,ipcc,https://doi.org/10.22033/ESGF/CMIP6.3469,CAS,CMIP6,SSP245,FGOALS-g3,,,r1i1p1f1,2,5.18,,GlobalExtent,,-179,179,-87.41,87.41,1,1,1,1,1,1,1,1,1,1,1,1,1,1,1,1,1,1,1,1,1,1,v20190818,"v20190818,v20190819","v20190818,v20190819 ","v20190818,v20190819",
CMIP6_FGOALS-g3_ssp370,ipcc,https://doi.org/10.22033/ESGF/CMIP6.3480,CAS,CMIP6,SSP370,FGOALS-g3,,,r1i1p1f1,2,5.18,,GlobalExtent,,-179,179,-87.41,87.41,1,1,1,1,1,1,1,1,1,1,1,1,1,1,1,1,1,1,1,1,1,1,v20190820         ,v20190820         ,v20190820         ,v20190820         ,
CMIP6_FGOALS-g3_ssp585,ipcc,https://doi.org/10.22033/ESGF/CMIP6.3503,CAS,CMIP6,SSP585,FGOALS-g3,,,r1i1p1f1,2,5.18,,GlobalExtent,,-179,179,-87.41,87.41,1,1,1,1,1,1,1,1,1,1,1,1,1,1,1,1,1,1,1,1,1,1,v20190818,v20190819,v20190819,v20190819,
CMIP6_CESM2-WACCM_historical,ipcc,https://doi.org/10.22033/ESGF/CMIP6.10071,NCAR,CMIP6,Historical,CESM2-WACCM,,,r1i1p1f1,1.25,0.94,,GlobalExtent,,-179.375,179.375,-89.53,89.53,1,1,0,0,0,0,1,1,1,1,1,1,1,1,1,0,1,1,0,0,0,0,v20190415,v20190227,,,
CMIP6_CESM2-WACCM_ssp126,ipcc,https://doi.org/10.22033/ESGF/CMIP6.10100,NCAR,CMIP6,SSP126,CESM2-WACCM,,,r1i1p1f1,1.25,0.94,,GlobalExtent,,-179.375,179.375,-89.53,89.53,1,1,0,0,0,0,1,1,1,1,1,1,1,1,1,0,1,1,0,0,0,0,v20190815,v20190815,,,
CMIP6_CESM2-WACCM_ssp245,ipcc,https://doi.org/10.22033/ESGF/CMIP6.10101,NCAR,CMIP6,SSP245,CESM2-WACCM,,,r1i1p1f1,1.25,0.94,,GlobalExtent,,-179.375,179.375,-89.53,89.53,1,1,0,0,0,0,1,1,1,1,1,1,1,1,1,0,1,1,0,0,0,0,v20190815,v20190815,,,
CMIP6_CESM2-WACCM_ssp370,ipcc,https://doi.org/10.22033/ESGF/CMIP6.10102,NCAR,CMIP6,SSP370,CESM2-WACCM,,,r1i1p1f1,1.25,0.94,,GlobalExtent,,-179.375,179.375,-89.53,89.53,1,1,0,0,0,0,1,1,1,1,1,1,1,1,1,0,1,1,0,0,0,0,v20190815,v20190815,,,
CMIP6_CESM2-WACCM_ssp585,ipcc,https://doi.org/10.22033/ESGF/CMIP6.10115,NCAR,CMIP6,SSP585,CESM2-WACCM,,,r1i1p1f1,1.25,0.94,,GlobalExtent,,-179.375,179.375,-89.53,89.53,1,1,0,0,0,0,1,1,1,1,1,1,1,1,1,0,1,1,0,0,0,0,v20200702,v20200702,,,
CMIP6_EC-Earth3_historical,ipcc,https://doi.org/10.22033/ESGF/CMIP6.4700,EC-EARTH-Consortium,CMIP6,Historical,EC-EARTH3,,,r1i1p1f1,0.7,0.7,,GlobalExtent,,-179.65,179.65,-89.65,89.65,1,1,1,1,1,1,1,1,1,1,1,1,1,1,1,1,1,1,1,1,1,1,v20200310 ,v20200310 ,v20200310 ,v20200310 ,
CMIP6_EC-Earth3_ssp126,ipcc,https://doi.org/10.22033/ESGF/CMIP6.4874,EC-EARTH-Consortium,CMIP6,SSP126,EC-EARTH3,,,r1i1p1f1,0.7,0.7,,GlobalExtent,,-179.65,179.65,-89.65,89.65,1,1,1,1,1,1,1,1,1,1,1,1,1,1,1,1,1,1,1,1,1,1,v20200310,v20200310,v20200310,v20200310,
CMIP6_EC-Earth3_ssp245,ipcc,https://doi.org/10.22033/ESGF/CMIP6.4880,EC-EARTH-Consortium,CMIP6,SSP245,EC-EARTH3,,,r1i1p1f1,0.7,0.7,,GlobalExtent,,-179.65,179.65,-89.65,89.65,1,1,1,1,1,1,1,1,1,1,1,1,1,1,1,1,1,1,1,1,1,1,v20200310,v20200310,v20200310,v20200310,
CMIP6_EC-Earth3_ssp370,ipcc,https://doi.org/10.22033/ESGF/CMIP6.4884,EC-EARTH-Consortium,CMIP6,SSP370,EC-EARTH3,,,r1i1p1f1,0.7,0.7,,GlobalExtent,,-179.65,179.65,-89.65,89.65,1,1,1,1,1,1,1,1,1,1,1,1,1,1,1,1,1,1,1,1,1,1,v20200310,v20200310,v20200310,v20200310,
CMIP6_EC-Earth3_ssp585,ipcc,https://doi.org/10.22033/ESGF/CMIP6.4912,EC-EARTH-Consortium,CMIP6,SSP585,EC-EARTH3,,,r1i1p1f1,0.7,0.7,,GlobalExtent,,-179.65,179.65,-89.65,89.65,1,1,1,1,1,1,1,1,1,1,1,1,1,1,1,1,1,1,1,1,1,1,v20200310,v20200310,v20200310,v20200310,
CMIP6_EC-Earth3-Veg_historical,ipcc,https://doi.org/10.22033/ESGF/CMIP6.4706,EC-EARTH-Consortium,CMIP6,Historical,EC-EARTH3-Veg,,,r1i1p1f1,0.7,0.7,,GlobalExtent,,-179.65,179.65,-89.65,89.65,1,1,1,1,1,1,1,1,1,1,1,1,1,1,1,1,1,1,1,1,1,1,v20200225,v20200225,v20200225,v20200225,
CMIP6_EC-Earth3-Veg_ssp126,ipcc,https://doi.org/10.22033/ESGF/CMIP6.4876,EC-EARTH-Consortium,CMIP6,SSP126,EC-EARTH3-Veg,,,r1i1p1f1,0.7,0.7,,GlobalExtent,,-179.65,179.65,-89.65,89.65,1,1,1,1,1,1,1,1,1,1,1,1,1,1,1,1,1,1,1,1,1,1,v20200225,v20200225,v20200225,v20200225,
CMIP6_EC-Earth3-Veg_ssp245,ipcc,https://doi.org/10.22033/ESGF/CMIP6.4882,EC-EARTH-Consortium,CMIP6,SSP245,EC-EARTH3-Veg,,,r1i1p1f1,0.7,0.7,,GlobalExtent,,-179.65,179.65,-89.65,89.65,1,1,1,1,1,1,1,1,1,1,1,1,1,1,1,1,1,1,1,1,1,1,v20200225,v20200225,v20200225,v20200225,
CMIP6_EC-Earth3-Veg_ssp370,ipcc,https://doi.org/10.22033/ESGF/CMIP6.4886,EC-EARTH-Consortium,CMIP6,SSP370,EC-EARTH3-Veg,,,r1i1p1f1,0.7,0.7,,GlobalExtent,,-179.65,179.65,-89.65,89.65,1,1,1,1,1,1,1,1,1,1,1,1,1,1,1,1,1,1,1,1,1,1,v20200225,v20200225,v20200225,v20200225,
CMIP6_EC-Earth3-Veg_ssp585,ipcc,https://doi.org/10.22033/ESGF/CMIP6.4914,EC-EARTH-Consortium,CMIP6,SSP585,EC-EARTH3-Veg,,,r1i1p1f1,0.7,0.7,,GlobalExtent,,-179.65,179.65,-89.65,89.65,1,1,1,1,1,1,1,1,1,1,1,1,1,1,1,1,1,1,1,1,1,1,v20200225,v20200225,v20200225,v20200225,
CMIP6_MIROC-ES2L_historical,ipcc,https://doi.org/10.22033/ESGF/CMIP6.5602,JAMSTEC-/-AORI-/-NIES-/-R-CSS,CMIP6,Historical,MIROC-ES2L,,,r1i1p1f2,2.81,2.77,,GlobalExtent,,-178.595,178.595,-88.615,88.615,1,1,1,1,1,1,1,1,1,1,1,1,1,1,1,1,1,1,1,1,1,1,v20191129,v20191129,v20191129,v20191129,
CMIP6_MIROC-ES2L_ssp126,ipcc,https://doi.org/10.22033/ESGF/CMIP6.5742,JAMSTEC-/-AORI-/-NIES-/-R-CSS,CMIP6,SSP126,MIROC-ES2L,,,r1i1p1f2,2.81,2.77,,GlobalExtent,,-178.595,178.595,-88.615,88.615,1,1,1,1,1,1,1,1,1,1,1,1,1,1,1,1,1,1,1,1,1,1,v20200318,v20200318,v20200318,v20200318,
CMIP6_MIROC-ES2L_ssp245,ipcc,https://doi.org/10.22033/ESGF/CMIP6.5745,JAMSTEC-/-AORI-/-NIES-/-R-CSS,CMIP6,SSP245,MIROC-ES2L,,,r1i1p1f2,2.81,2.77,,GlobalExtent,,-178.595,178.595,-88.615,88.615,1,1,1,1,1,1,1,1,1,1,1,1,1,1,1,1,1,1,1,1,1,1,v20200318,v20200318,v20200318,v20200318,
CMIP6_MIROC-ES2L_ssp370,ipcc,https://doi.org/10.22033/ESGF/CMIP6.5751,JAMSTEC-/-AORI-/-NIES-/-R-CSS,CMIP6,SSP370,MIROC-ES2L,,,r1i1p1f2,2.81,2.77,,GlobalExtent,,-178.595,178.595,-88.615,88.615,1,1,1,1,1,1,1,1,1,1,1,1,1,1,1,1,1,1,1,1,1,1,v20200318,v20200318,v20200318,v20200318,
CMIP6_MIROC-ES2L_ssp585,ipcc,https://doi.org/10.22033/ESGF/CMIP6.5770,JAMSTEC-/-AORI-/-NIES-/-R-CSS,CMIP6,SSP585,MIROC-ES2L,,,r1i1p1f2,2.81,2.77,,GlobalExtent,,-178.595,178.595,-88.615,88.615,1,1,1,1,1,1,1,1,1,1,1,1,1,1,1,1,1,1,1,1,1,1,v20200318,v20200318,v20200318,v20200318,
CMIP6_MIROC6_historical,ipcc,https://doi.org/10.22033/ESGF/CMIP6.5603,JAMSTEC-/-AORI-/-NIES-/-R-CSS,CMIP6,Historical,MIROC6,,,r1i1p1f1,1.41,1.39,,GlobalExtent,,-179.295,179.295,-89.305,89.305,1,1,1,1,1,1,1,1,1,1,1,1,1,1,1,1,1,1,1,1,1,1,v20191016,v20191016,v20191016,v20191016,
CMIP6_MIROC6_ssp126,ipcc,https://doi.org/10.22033/ESGF/CMIP6.5743,JAMSTEC-/-AORI-/-NIES-/-R-CSS,CMIP6,SSP126,MIROC6,,,r1i1p1f1,1.41,1.39,,GlobalExtent,,-179.295,179.295,-89.305,89.305,1,1,1,1,1,1,1,1,1,1,1,1,1,1,1,1,1,1,1,1,1,1,v20191016,v20191016,v20191016,v20191016,
CMIP6_MIROC6_ssp245,ipcc,https://doi.org/10.22033/ESGF/CMIP6.5746,JAMSTEC-/-AORI-/-NIES-/-R-CSS,CMIP6,SSP245,MIROC6,,,r1i1p1f1,1.41,1.39,,GlobalExtent,,-179.295,179.295,-89.305,89.305,1,1,1,1,1,1,1,1,1,1,1,1,1,1,1,1,1,1,1,1,1,1,v20191016,v20191016,v20191016,v20191016,
CMIP6_MIROC6_ssp370,ipcc,https://doi.org/10.22033/ESGF/CMIP6.5752,JAMSTEC-/-AORI-/-NIES-/-R-CSS,CMIP6,SSP370,MIROC6,,,r1i1p1f1,1.41,1.39,,GlobalExtent,,-179.295,179.295,-89.305,89.305,1,1,1,1,1,1,1,1,1,1,1,1,1,1,1,1,1,1,1,1,1,1,v20191016,v20191016,v20191016,v20191016,
CMIP6_MIROC6_ssp460,ipcc,https://doi.org/10.22033/ESGF/CMIP6.5766,JAMSTEC-/-AORI-/-NIES-/-R-CSS,CMIP6,SSP460,MIROC6,,,r1i1p1f1,1.41,1.39,,GlobalExtent,,-179.295,179.295,-89.305,89.305,1,1,1,1,1,1,1,1,1,1,1,1,1,1,1,1,1,1,1,1,1,1,v20191016,v20191016,v20191016,v20191016,
CMIP6_MIROC6_ssp585,ipcc,https://doi.org/10.22033/ESGF/CMIP6.5771,JAMSTEC-/-AORI-/-NIES-/-R-CSS,CMIP6,SSP585,MIROC6,,,r1i1p1f1,1.41,1.39,,GlobalExtent,,-179.295,179.295,-89.305,89.305,1,1,1,1,1,1,1,1,1,1,1,1,1,1,1,1,1,1,1,1,1,1,v20191016,v20191016,v20191016,v20191016,
CMIP6_BCC-CSM2-MR_historical,ipcc,https://doi.org/10.22033/ESGF/CMIP6.2948,BCC,CMIP6,Historical,BCC-CSM2-MR,,,r1i1p1f1,1.12,1.11,,GlobalExtent,,-179.44,179.44,-89.445,89.445,1,1,1,1,1,1,1,1,1,1,1,1,1,1,1,1,1,1,1,1,1,1,v20181126,v20181126,v20181126,v20181126,
CMIP6_BCC-CSM2-MR_ssp126,ipcc,https://doi.org/10.22033/ESGF/CMIP6.3028,BCC,CMIP6,SSP126,BCC-CSM2-MR,,,r1i1p1f1,1.12,1.11,,GlobalExtent,,-179.44,179.44,-89.445,89.445,1,1,1,1,1,1,1,1,1,1,1,1,1,1,1,1,1,1,1,1,1,1,v20190315,v20190315,v20190315,v20190315,
CMIP6_BCC-CSM2-MR_ssp245,ipcc,https://doi.org/10.22033/ESGF/CMIP6.3030,BCC,CMIP6,SSP245,BCC-CSM2-MR,,,r1i1p1f1,1.12,1.11,,GlobalExtent,,-179.44,179.44,-89.445,89.445,1,1,1,1,1,1,1,1,1,1,1,1,1,1,1,1,1,1,1,1,1,1,v20190318,v20190318,v20190318,v20190318,
CMIP6_BCC-CSM2-MR_ssp370,ipcc,https://doi.org/10.22033/ESGF/CMIP6.3035,BCC,CMIP6,SSP370,BCC-CSM2-MR,,,r1i1p1f1,1.12,1.11,,GlobalExtent,,-179.44,179.44,-89.445,89.445,1,1,1,1,1,1,1,1,1,1,1,1,1,1,1,1,1,1,1,1,1,1,v20190318,v20190318,v20190318,v20190318,
CMIP6_BCC-CSM2-MR_ssp585,ipcc,https://doi.org/10.22033/ESGF/CMIP6.3050,BCC,CMIP6,SSP585,BCC-CSM2-MR,,,r1i1p1f1,1.12,1.11,,GlobalExtent,,-179.44,179.44,-89.445,89.445,1,1,1,1,1,1,1,1,1,1,1,1,1,1,1,1,1,1,1,1,1,1,v20190318,v20190318,v20190318,v20190318,
CMIP6_GFDL-ESM4_historical,ipcc,https://doi.org/10.22033/ESGF/CMIP6.8597,NOAA-GFDL,CMIP6,Historical,GFDL-ESM4,,,r1i1p1f1,1.25,1,,GlobalExtent,,-179.375,179.375,-89.5,89.5,1,1,1,1,1,1,1,1,1,1,1,1,1,1,1,1,1,1,1,1,1,1,v20190726,v20190726,v20190726,v20190726,
CMIP6_GFDL-ESM4_ssp126,ipcc,https://doi.org/10.22033/ESGF/CMIP6.8684,NOAA-GFDL,CMIP6,SSP126,GFDL-ESM4,,,r1i1p1f1,1.25,1,,GlobalExtent,,-179.375,179.375,-89.5,89.5,1,1,1,1,1,1,1,1,1,1,1,1,1,1,1,1,1,1,1,1,1,1,v20180701,v20180701,v20180701,v20180701,
CMIP6_GFDL-ESM4_ssp245,ipcc,https://doi.org/10.22033/ESGF/CMIP6.8686,NOAA-GFDL,CMIP6,SSP245,GFDL-ESM4,,,r1i1p1f1,1.25,1,,GlobalExtent,,-179.375,179.375,-89.5,89.5,1,1,1,1,1,1,1,1,1,1,1,1,1,1,1,1,1,1,1,1,1,1,v20180701,v20180701,v20180701,v20180701,
CMIP6_GFDL-ESM4_ssp370,ipcc,https://doi.org/10.22033/ESGF/CMIP6.8691,NOAA-GFDL,CMIP6,SSP370,GFDL-ESM4,,,r1i1p1f1,1.25,1,,GlobalExtent,,-179.375,179.375,-89.5,89.5,1,1,1,1,1,1,1,1,1,1,1,1,1,1,1,1,1,1,1,1,1,1,v20180701,v20180701,v20180701,v20180701,
CMIP6_GFDL-ESM4_ssp585,ipcc,https://doi.org/10.22033/ESGF/CMIP6.8706,NOAA-GFDL,CMIP6,SSP585,GFDL-ESM4,,,r1i1p1f1,1.25,1,,GlobalExtent,,-179.375,179.375,-89.5,89.5,1,1,1,1,1,1,1,1,1,1,1,1,1,1,1,1,1,1,1,1,1,1,v20180701,v20180701,v20180701,v20180701,
CMIP6_GFDL-CM4_historical,ipcc,https://doi.org/10.22033/ESGF/CMIP6.8594,NOAA-GFDL,CMIP6,Historical,GFDL-CM4,,,r1i1p1f1,1.25,1,,GlobalExtent,,-179.375,179.375,-89.5,89.5,1,1,1,1,1,1,1,1,1,1,1,1,1,1,1,1,1,1,1,1,1,1,v20180701,v20180701,v20180701,v20180701,
CMIP6_GFDL-CM4_ssp245,ipcc,https://doi.org/10.22033/ESGF/CMIP6.9263,NOAA-GFDL,CMIP6,SSP245,GFDL-CM4,,,r1i1p1f1,1.25,1,,GlobalExtent,,-179.375,179.375,-89.5,89.5,1,1,1,1,1,1,1,1,1,1,1,1,1,1,1,1,1,1,1,1,1,1,v20180701,v20180701,v20180701,v20180701,
CMIP6_GFDL-CM4_ssp585,ipcc,https://doi.org/10.22033/ESGF/CMIP6.9268,NOAA-GFDL,CMIP6,SSP585,GFDL-CM4,,,r1i1p1f1,1.25,1,,GlobalExtent,,-179.375,179.375,-89.5,89.5,1,1,1,1,1,1,1,1,1,1,1,1,1,1,1,1,1,1,1,1,1,1,v20180701,v20180701,v20180701,v20180701,
CMIP6_HadGEM3-GC31-LL_historical,ipcc,https://doi.org/10.22033/ESGF/CMIP6.6109,MOHC,CMIP6,Historical,HADGEM3-GC31-LL,,,r1i1p1f3,1.88,1.25,,GlobalExtent,,-179.06,179.06,-89.375,89.375,1,1,1,1,1,1,1,1,1,1,1,1,1,1,1,1,1,1,1,1,1,1,v20190624,v20190624,v20190624,v20190624,
CMIP6_HadGEM3-GC31-LL_ssp126,ipcc,https://doi.org/10.22033/ESGF/CMIP6.10849,MOHC,CMIP6,SSP126,HADGEM3-GC31-LL,,,r1i1p1f3,1.88,1.25,,GlobalExtent,,-179.06,179.06,-89.375,89.375,1,1,1,1,1,1,1,1,1,1,1,1,1,1,1,1,1,1,1,1,1,1,v20200114,v20200114,v20200114,v20200114,
CMIP6_HadGEM3-GC31-LL_ssp245,ipcc,https://doi.org/10.22033/ESGF/CMIP6.10851,MOHC,CMIP6,SSP245,HADGEM3-GC31-LL,,,r1i1p1f3,1.88,1.25,,GlobalExtent,,-179.06,179.06,-89.375,89.375,1,1,1,1,1,1,1,1,1,1,1,1,1,1,1,1,1,1,1,1,1,1,v20190908,v20190908,v20190908,v20190908,
CMIP6_HadGEM3-GC31-LL_ssp585,ipcc,https://doi.org/10.22033/ESGF/CMIP6.10901,MOHC,CMIP6,SSP585,HADGEM3-GC31-LL,,,r1i1p1f3,1.88,1.25,,GlobalExtent,,-179.06,179.06,-89.375,89.375,1,1,1,1,1,1,1,1,1,1,1,1,1,1,1,1,1,1,1,1,1,1,v20200114,v20200114,v20200114,v20200114,
CMIP6_UKESM1-0-LL_historical,ipcc,https://doi.org/10.22033/ESGF/CMIP6.6113,MOHC,CMIP6,Historical,UKESM1-0-LL,,,r1i1p1f2,1.88,1.25,,GlobalExtent,,-179.06,179.06,-89.375,89.375,1,1,1,1,1,1,1,1,1,1,1,1,1,1,1,1,1,1,1,1,1,1,v20190627,v20190627,v20190627,v20190627,
CMIP6_UKESM1-0-LL_ssp126,ipcc,https://doi.org/10.22033/ESGF/CMIP6.6333,MOHC,CMIP6,SSP126,UKESM1-0-LL,,,r1i1p1f2,1.88,1.25,,GlobalExtent,,-179.06,179.06,-89.375,89.375,1,1,1,1,1,1,1,1,1,1,1,1,1,1,1,1,1,1,1,1,1,1,v20190708,v20190708,v20190708,v20190708,
CMIP6_UKESM1-0-LL_ssp245,ipcc,https://doi.org/10.22033/ESGF/CMIP6.6339,MOHC,CMIP6,SSP245,UKESM1-0-LL,,,r1i1p1f2,1.88,1.25,,GlobalExtent,,-179.06,179.06,-89.375,89.375,1,1,1,1,1,1,1,1,1,1,1,1,1,1,1,1,1,1,1,1,1,1,v20190715,v20190715,v20190715,v20190715,
CMIP6_UKESM1-0-LL_ssp370,ipcc,https://doi.org/10.22033/ESGF/CMIP6.6347,MOHC,CMIP6,SSP370,UKESM1-0-LL,,,r1i1p1f2,1.88,1.25,,GlobalExtent,,-179.06,179.06,-89.375,89.375,1,1,1,1,1,1,1,1,1,1,1,1,1,1,1,1,1,1,1,1,1,1,v20190726,v20190726,v20190726,v20190726,
CMIP6_UKESM1-0-LL_ssp585,ipcc,https://doi.org/10.22033/ESGF/CMIP6.6405,MOHC,CMIP6,SSP585,UKESM1-0-LL,,,r1i1p1f2,1.88,1.25,,GlobalExtent,,-179.06,179.06,-89.375,89.375,1,1,1,1,1,1,1,1,1,1,1,1,1,1,1,1,1,1,1,1,1,1,v20190726,v20190726,v20190726,v20190726,
CMIP6_ACCESS-CM2_historical,ipcc,https://doi.org/10.22033/ESGF/CMIP6.4271,CSIRO-/-ARCCSS,CMIP6,Historical,ACCESS-CM2,,,r1i1p1f1,1.88,1.25,,GlobalExtent,,-179.06,179.06,-89.375,89.375,1,1,1,1,1,1,1,1,1,1,1,1,1,1,1,1,1,1,1,1,1,1,v20191108,v20191108,v20191108,v20191108,
CMIP6_ACCESS-CM2_ssp126,ipcc,https://doi.org/10.22033/ESGF/CMIP6.4319,CSIRO-/-ARCCSS,CMIP6,SSP126,ACCESS-CM2,,,r1i1p1f1,1.88,1.25,,GlobalExtent,,-179.06,179.06,-89.375,89.375,1,1,1,1,1,1,1,1,1,1,1,1,1,1,1,1,1,1,1,1,1,1,v20191108,v20191108,v20191108,v20191108,
CMIP6_ACCESS-CM2_ssp245,ipcc,https://doi.org/10.22033/ESGF/CMIP6.4321,CSIRO-/-ARCCSS,CMIP6,SSP245,ACCESS-CM2,,,r1i1p1f1,1.88,1.25,,GlobalExtent,,-179.06,179.06,-89.375,89.375,1,1,1,1,1,1,1,1,1,1,1,1,1,1,1,1,1,1,1,1,1,1,v20191108,v20191108,v20191108,v20191108,
CMIP6_ACCESS-CM2_ssp370,ipcc,https://doi.org/10.22033/ESGF/CMIP6.4323,CSIRO-/-ARCCSS,CMIP6,SSP370,ACCESS-CM2,,,r1i1p1f1,1.88,1.25,,GlobalExtent,,-179.06,179.06,-89.375,89.375,1,1,1,1,1,1,1,1,1,1,1,1,1,1,1,1,1,1,1,1,1,1,v20191108,v20191108,v20191108,v20191108,
CMIP6_ACCESS-CM2_ssp585,ipcc,https://doi.org/10.22033/ESGF/CMIP6.4332,CSIRO-/-ARCCSS,CMIP6,SSP585,ACCESS-CM2,,,r1i1p1f1,1.88,1.25,,GlobalExtent,,-179.06,179.06,-89.375,89.375,1,1,1,1,1,1,1,1,1,1,1,1,1,1,1,1,1,1,1,1,1,1,v20191108,v20191108,v20191108,v20191108,
CMIP6_IPSL-CM6A-LR_historical,ipcc,https://doi.org/10.22033/ESGF/CMIP6.5195,IPSL,CMIP6,Historical,IPSL-CM6A-LR,,,r1i1p1f1,2.5,1.27,,GlobalExtent,,-178.75,178.75,-89.365,89.365,1,1,1,1,1,1,1,1,1,1,1,1,1,1,1,1,1,1,1,1,1,1,v20180803,v20180803,v20180803,v20180803,
CMIP6_IPSL-CM6A-LR_ssp126,ipcc,https://doi.org/10.22033/ESGF/CMIP6.5262,IPSL,CMIP6,SSP126,IPSL-CM6A-LR,,,r1i1p1f1,2.5,1.27,,GlobalExtent,,-178.75,178.75,-89.365,89.365,1,1,1,1,1,1,1,1,1,1,1,1,1,1,1,1,1,1,1,1,1,1,v20190903,v20190903,v20190903,v20190903,
CMIP6_IPSL-CM6A-LR_ssp245,ipcc,https://doi.org/10.22033/ESGF/CMIP6.5264,IPSL,CMIP6,SSP245,IPSL-CM6A-LR,,,r1i1p1f1,2.5,1.27,,GlobalExtent,,-178.75,178.75,-89.365,89.365,1,1,1,1,1,1,1,1,1,1,1,1,1,1,1,1,1,1,1,1,1,1,v20190119,v20190614,v20190614,v20190119,
CMIP6_IPSL-CM6A-LR_ssp370,ipcc,https://doi.org/10.22033/ESGF/CMIP6.5265,IPSL,CMIP6,SSP370,IPSL-CM6A-LR,,,r1i1p1f1,2.5,1.27,,GlobalExtent,,-178.75,178.75,-89.365,89.365,1,1,1,1,1,1,1,1,1,1,1,1,1,1,1,1,1,1,1,1,1,1,v20190119,v20190614,v20190614,v20190119,
CMIP6_IPSL-CM6A-LR_ssp460,ipcc,https://doi.org/10.22033/ESGF/CMIP6.5268,IPSL,CMIP6,SSP460,IPSL-CM6A-LR,,,r1i1p1f1,2.5,1.27,,GlobalExtent,,-178.75,178.75,-89.365,89.365,1,1,1,1,1,1,1,1,1,1,1,1,1,1,1,1,1,1,1,1,1,1,v20190506,v20190614,v20190614,v20190506,
CMIP6_IPSL-CM6A-LR_ssp585,ipcc,https://doi.org/10.22033/ESGF/CMIP6.5271,IPSL,CMIP6,SSP585,IPSL-CM6A-LR,,,r1i1p1f1,2.5,1.27,,GlobalExtent,,-178.75,178.75,-89.365,89.365,1,1,1,1,1,1,1,1,1,1,1,1,1,1,1,1,1,1,1,1,1,1,v20190903,v20190903,v20190903,v20190903,
CMIP6_ACCESS-ESM1-5_historical,ipcc,https://doi.org/10.22033/ESGF/CMIP6.4272,CSIRO,CMIP6,Historical,ACCESS-ESM1-5,,,r1i1p1f1,1.88,1.25,,GlobalExtent,,-179.06,179.06,-89.375,89.375,1,1,1,1,1,1,1,1,1,1,1,1,1,1,1,1,1,1,1,1,1,1,v20191115,v20191115,v20191115,v20191115,
CMIP6_ACCESS-ESM1-5_ssp126,ipcc,https://doi.org/10.22033/ESGF/CMIP6.4320,CSIRO,CMIP6,SSP126,ACCESS-ESM1-5,,,r1i1p1f1,1.88,1.25,,GlobalExtent,,-179.06,179.06,-89.375,89.375,1,1,1,1,1,1,1,1,1,1,1,1,1,1,1,1,1,1,1,1,1,1,v20191115,v20191115,v20191115,v20191115,
CMIP6_ACCESS-ESM1-5_ssp245,ipcc,https://doi.org/10.22033/ESGF/CMIP6.4322,CSIRO,CMIP6,SSP245,ACCESS-ESM1-5,,,r1i1p1f1,1.88,1.25,,GlobalExtent,,-179.06,179.06,-89.375,89.375,1,1,1,1,1,1,1,1,1,1,1,1,1,1,1,1,1,1,1,1,1,1,v20191115,v20191115,v20191115,v20191115,
CMIP6_ACCESS-ESM1-5_ssp370,ipcc,https://doi.org/10.22033/ESGF/CMIP6.4324,CSIRO,CMIP6,SSP370,ACCESS-ESM1-5,,,r1i1p1f1,1.88,1.25,,GlobalExtent,,-179.06,179.06,-89.375,89.375,1,1,1,1,1,1,1,1,1,1,1,1,1,1,1,1,1,1,1,1,1,1,v20191115,v20191115,v20191115,v20191115,
CMIP6_ACCESS-ESM1-5_ssp585,ipcc,https://doi.org/10.22033/ESGF/CMIP6.4333,CSIRO,CMIP6,SSP585,ACCESS-ESM1-5,,,r1i1p1f1,1.88,1.25,,GlobalExtent,,-179.06,179.06,-89.375,89.375,1,1,1,1,1,1,1,1,1,1,1,1,1,1,1,1,1,1,1,1,1,1,v20191115,v20191115,v20191115,v20191115,
CMIP6_MPI-ESM1-2-LR_historical,ipcc,https://doi.org/10.22033/ESGF/CMIP6.6595,MPI-M,CMIP6,Historical,MPI-ESM-1-2-LR,,,r1i1p1f1,1.88,1.85,,GlobalExtent,,-179.06,179.06,-89.075,89.075,1,1,1,1,1,1,1,1,1,1,1,1,1,1,1,1,1,1,1,1,1,1,v20190710,v20190710,v20190710,v20190710,
CMIP6_MPI-ESM1-2-LR_ssp126,ipcc,https://doi.org/10.22033/ESGF/CMIP6.6690,MPI-M,CMIP6,SSP126,MPI-ESM-1-2-LR,,,r1i1p1f1,1.88,1.85,,GlobalExtent,,-179.06,179.06,-89.075,89.075,1,1,1,1,1,1,1,1,1,1,1,1,1,1,1,1,1,1,1,1,1,1,v20190710,v20190710,v20190710,v20190710,
CMIP6_MPI-ESM1-2-LR_ssp245,ipcc,https://doi.org/10.22033/ESGF/CMIP6.6693,MPI-M,CMIP6,SSP245,MPI-ESM-1-2-LR,,,r1i1p1f1,1.88,1.85,,GlobalExtent,,-179.06,179.06,-89.075,89.075,1,1,1,1,1,1,1,1,1,1,1,1,1,1,1,1,1,1,1,1,1,1,v20190710,v20190710,v20190710,v20190710,
CMIP6_MPI-ESM1-2-LR_ssp370,ipcc,https://doi.org/10.22033/ESGF/CMIP6.6695,MPI-M,CMIP6,SSP370,MPI-ESM-1-2-LR,,,r1i1p1f1,1.88,1.85,,GlobalExtent,,-179.06,179.06,-89.075,89.075,1,1,1,1,1,1,1,1,1,1,1,1,1,1,1,1,1,1,1,1,1,1,v20190710,v20190710,v20190710,v20190710,
CMIP6_MPI-ESM1-2-LR_ssp585,ipcc,https://doi.org/10.22033/ESGF/CMIP6.6705,MPI-M,CMIP6,SSP585,MPI-ESM-1-2-LR,,,r1i1p1f1,1.88,1.85,,GlobalExtent,,-179.06,179.06,-89.075,89.075,1,1,1,1,1,1,1,1,1,1,1,1,1,1,1,1,1,1,1,1,1,1,v20190710,v20190710,v20190710,v20190710,
CMIP6_CanESM5_historical,ipcc,https://doi.org/10.22033/ESGF/CMIP6.3610,CCCma,CMIP6,Historical,CANESM5,,,r1i1p1f1,2.81,2.77,,GlobalExtent,,-178.595,178.595,-88.615,88.615,1,1,1,1,1,1,1,1,1,1,1,1,1,1,1,1,1,1,1,1,1,1,v20190429,v20190429,v20190429,v20190429,
CMIP6_CanESM5_ssp126,ipcc,https://doi.org/10.22033/ESGF/CMIP6.3683,CCCma,CMIP6,SSP126,CANESM5,,,r1i1p1f1,2.81,2.77,,GlobalExtent,,-178.595,178.595,-88.615,88.615,1,1,1,1,1,1,1,1,1,1,1,1,1,1,1,1,1,1,1,1,1,1,v20190429,v20190429,v20190429,v20190429,
CMIP6_CanESM5_ssp245,ipcc,https://doi.org/10.22033/ESGF/CMIP6.3685,CCCma,CMIP6,SSP245,CANESM5,,,r1i1p1f1,2.81,2.77,,GlobalExtent,,-178.595,178.595,-88.615,88.615,1,1,1,1,1,1,1,1,1,1,1,1,1,1,1,1,1,1,1,1,1,1,v20190429,v20190429,v20190429,v20190429,
CMIP6_CanESM5_ssp370,ipcc,https://doi.org/10.22033/ESGF/CMIP6.3690,CCCma,CMIP6,SSP370,CANESM5,,,r1i1p1f1,2.81,2.77,,GlobalExtent,,-178.595,178.595,-88.615,88.615,1,1,1,1,1,1,1,1,1,1,1,1,1,1,1,1,1,1,1,1,1,1,v20190429,v20190429,v20190429,v20190429,
CMIP6_CanESM5_ssp460,ipcc,https://doi.org/10.22033/ESGF/CMIP6.3693,CCCma,CMIP6,SSP460,CANESM5,,,r1i1p1f1,2.81,2.77,,GlobalExtent,,-178.595,178.595,-88.615,88.615,1,1,1,1,1,1,1,1,1,1,1,1,1,1,1,1,1,1,1,1,1,1,v20190429,v20190429,v20190429,v20190429,
CMIP6_CanESM5_ssp585,ipcc,https://doi.org/10.22033/ESGF/CMIP6.3696,CCCma,CMIP6,SSP585,CANESM5,,,r1i1p1f1,2.81,2.77,,GlobalExtent,,-178.595,178.595,-88.615,88.615,1,1,1,1,1,1,1,1,1,1,1,1,1,1,1,1,1,1,1,1,1,1,v20190429,v20190429,v20190429,v20190429,
CMIP6_CNRM-CM6-1_historical,ipcc,https://doi.org/10.22033/ESGF/CMIP6.4066,CNRM-/-CERFACS,CMIP6,Historical,CNRM-CM6-1,,,r1i1p1f2,1.41,1.39,,GlobalExtent,,-179.295,179.295,-89.305,89.305,1,1,1,1,1,1,1,1,1,1,1,1,1,1,1,1,1,1,1,1,1,1,v20180917,v20180917,v20180917,v20180917,
CMIP6_CNRM-CM6-1_ssp126,ipcc,https://doi.org/10.22033/ESGF/CMIP6.4184,CNRM-/-CERFACS,CMIP6,SSP126,CNRM-CM6-1,,,r1i1p1f2,1.41,1.39,,GlobalExtent,,-179.295,179.295,-89.305,89.305,1,1,1,1,1,1,1,1,1,1,1,1,1,1,1,1,1,1,1,1,1,1,v20190219,v20190219,v20190219,v20190219,
CMIP6_CNRM-CM6-1_ssp245,ipcc,https://doi.org/10.22033/ESGF/CMIP6.4189,CNRM-/-CERFACS,CMIP6,SSP245,CNRM-CM6-1,,,r1i1p1f2,1.41,1.39,,GlobalExtent,,-179.295,179.295,-89.305,89.305,1,1,1,1,1,1,1,1,1,1,1,1,1,1,1,1,1,1,1,1,1,1,v20190219,v20190219,v20190219,v20190219,
CMIP6_CNRM-CM6-1_ssp370,ipcc,https://doi.org/10.22033/ESGF/CMIP6.4197,CNRM-/-CERFACS,CMIP6,SSP370,CNRM-CM6-1,,,r1i1p1f2,1.41,1.39,,GlobalExtent,,-179.295,179.295,-89.305,89.305,1,1,1,1,1,1,1,1,1,1,1,1,1,1,1,1,1,1,1,1,1,1,v20190219,v20190219,v20190219,v20190219,
CMIP6_CNRM-CM6-1_ssp585,ipcc,https://doi.org/10.22033/ESGF/CMIP6.4224,CNRM-/-CERFACS,CMIP6,SSP585,CNRM-CM6-1,,,r1i1p1f2,1.41,1.39,,GlobalExtent,,-179.295,179.295,-89.305,89.305,1,1,1,1,1,1,1,1,1,1,1,1,1,1,1,1,1,1,1,1,1,1,v20190219,v20190219,v20190219,v20190219,
CMIP6_CNRM-CM6-1-HR_historical,ipcc,https://doi.org/10.22033/ESGF/CMIP6.4067,CNRM-/-CERFACS,CMIP6,Historical,CNRM-CM6-1-HR,,,r1i1p1f2,0.5,0.5,,GlobalExtent,,-179.75,179.75,-89.75,89.75,1,1,1,1,1,1,1,1,1,1,1,1,1,1,1,1,1,1,1,1,1,1,v20191021,v20191021,v20191021,v20191021,
CMIP6_CNRM-CM6-1-HR_ssp126,ipcc,https://doi.org/10.22033/ESGF/CMIP6.4185,CNRM-/-CERFACS,CMIP6,SSP126,CNRM-CM6-1-HR,,,r1i1p1f2,0.5,0.5,,GlobalExtent,,-179.75,179.75,-89.75,89.75,1,1,1,1,1,1,1,1,1,1,1,1,1,1,1,1,1,1,1,1,1,1,v20200127 ,v20200127 ,v20200127 ,v20200127 ,
CMIP6_CNRM-CM6-1-HR_ssp245,ipcc,https://doi.org/10.22033/ESGF/CMIP6.4190,CNRM-/-CERFACS,CMIP6,SSP245,CNRM-CM6-1-HR,,,r1i1p1f2,0.5,0.5,,GlobalExtent,,-179.75,179.75,-89.75,89.75,0,1,0,0,0,0,0,0,0,0,0,0,0,0,0,0,1,1,0,0,0,0,,v20191202,,,
CMIP6_CNRM-CM6-1-HR_ssp370,ipcc,https://doi.org/10.22033/ESGF/CMIP6.4198,CNRM-/-CERFACS,CMIP6,SSP370,CNRM-CM6-1-HR,,,r1i1p1f2,0.5,0.5,,GlobalExtent,,-179.75,179.75,-89.75,89.75,0,1,0,0,0,0,0,0,0,0,0,0,0,0,0,0,1,1,0,0,0,0,,v20200127,,,
CMIP6_CNRM-CM6-1-HR_ssp585,ipcc,https://doi.org/10.22033/ESGF/CMIP6.4225,CNRM-/-CERFACS,CMIP6,SSP585,CNRM-CM6-1-HR,,,r1i1p1f2,0.5,0.5,,GlobalExtent,,-179.75,179.75,-89.75,89.75,1,1,1,1,1,1,1,1,1,1,1,1,1,1,1,1,1,1,1,1,1,1,v20191202,v20191202,v20191202,v20191202,
CMIP6_CNRM-ESM2-1_historical,ipcc,https://doi.org/10.22033/ESGF/CMIP6.4068,CNRM-/-CERFACS,CMIP6,Historical,CNRM-ESM2-1,,,r1i1p1f2,1.41,1.39,,GlobalExtent,,-179.295,179.295,-89.305,89.305,1,1,1,1,1,1,1,1,1,1,1,1,1,1,1,1,1,1,1,1,1,1,v20181206,v20181206,v20181206,v20181206,
CMIP6_CNRM-ESM2-1_ssp126,ipcc,https://doi.org/10.22033/ESGF/CMIP6.4186,CNRM-/-CERFACS,CMIP6,SSP126,CNRM-ESM2-1,,,r1i1p1f2,1.41,1.39,,GlobalExtent,,-179.295,179.295,-89.305,89.305,1,1,1,1,1,1,1,1,1,1,1,1,1,1,1,1,1,1,1,1,1,1,v20190328,v20190328,v20190328,v20190328,
CMIP6_CNRM-ESM2-1_ssp245,ipcc,https://doi.org/10.22033/ESGF/CMIP6.4191,CNRM-/-CERFACS,CMIP6,SSP245,CNRM-ESM2-1,,,r1i1p1f2,1.41,1.39,,GlobalExtent,,-179.295,179.295,-89.305,89.305,1,1,1,1,1,1,1,1,1,1,1,1,1,1,1,1,1,1,1,1,1,1,v20190328,v20190328,v20190328,v20190328,
CMIP6_CNRM-ESM2-1_ssp370,ipcc,https://doi.org/10.22033/ESGF/CMIP6.4199,CNRM-/-CERFACS,CMIP6,SSP370,CNRM-ESM2-1,,,r1i1p1f2,1.41,1.39,,GlobalExtent,,-179.295,179.295,-89.305,89.305,1,1,1,1,1,1,1,1,1,1,1,1,1,1,1,1,1,1,1,1,1,1,v20191021,v20191021,v20191021,v20191021,
CMIP6_CNRM-ESM2-1_ssp460,ipcc,https://doi.org/10.22033/ESGF/CMIP6.4217,CNRM-/-CERFACS,CMIP6,SSP460,CNRM-ESM2-1,,,r1i1p1f2,1.41,1.39,,GlobalExtent,,-179.295,179.295,-89.305,89.305,1,1,1,1,1,1,1,1,1,1,1,1,1,1,1,1,1,1,1,1,1,1,v20190328,v20190328,v20190328,v20190328,
CMIP6_CNRM-ESM2-1_ssp585,ipcc,https://doi.org/10.22033/ESGF/CMIP6.4226,CNRM-/-CERFACS,CMIP6,SSP585,CNRM-ESM2-1,,,r1i1p1f2,1.41,1.39,,GlobalExtent,,-179.295,179.295,-89.305,89.305,1,1,1,1,1,1,1,1,1,1,1,1,1,1,1,1,1,1,1,1,1,1,v20191021,v20191021,v20191021,v20191021,
CMIP6_NESM3_historical,ipcc,https://doi.org/10.22033/ESGF/CMIP6.8769,NUIST,CMIP6,Historical,NESM3,,,r1i1p1f1,1.88,1.85,,GlobalExtent,,-179.06,179.06,-89.075,89.075,1,1,1,1,1,1,1,1,1,1,1,1,1,1,1,1,1,1,1,1,1,1,v20190812,v20190812,v20190812,v20190812,
CMIP6_NESM3_ssp126,ipcc,https://doi.org/10.22033/ESGF/CMIP6.8780,NUIST,CMIP6,SSP126,NESM3,,,r1i1p1f1,1.88,1.85,,GlobalExtent,,-179.06,179.06,-89.075,89.075,1,1,1,1,1,1,1,1,1,1,1,1,1,1,1,1,1,1,1,1,1,1,v20190806 ,v20190806 ,v20190806 ,v20190806 ,
CMIP6_NESM3_ssp245,ipcc,https://doi.org/10.22033/ESGF/CMIP6.8781,NUIST,CMIP6,SSP245,NESM3,,,r1i1p1f1,1.88,1.85,,GlobalExtent,,-179.06,179.06,-89.075,89.075,1,1,1,1,1,1,1,1,1,1,1,1,1,1,1,1,1,1,1,1,1,1,v20190805,v20190805,v20190805,v20190805,
CMIP6_NESM3_ssp585,ipcc,https://doi.org/10.22033/ESGF/CMIP6.8790,NUIST,CMIP6,SSP585,NESM3,,,r1i1p1f1,1.88,1.85,,GlobalExtent,,-179.06,179.06,-89.075,89.075,1,1,1,1,1,1,1,1,1,1,1,1,1,1,1,1,1,1,1,1,1,1,v20190811,v20190811,v20190811,v20190811,
CMIP6_CAMS-CSM1-0_historical,ipcc,https://doi.org/10.22033/ESGF/CMIP6.9754,CAS,CMIP6,Historical,CAMS-CSM1-0,,,r2i1p1f1,1,1,,GlobalExtent,,-179.5,179.5,-89.5,89.5,1,1,0,0,0,0,1,1,1,1,1,1,1,1,1,0,1,1,0,0,0,0,v20200716,v20200716,,,
CMIP6_CAMS-CSM1-0_ssp126,ipcc,https://doi.org/10.22033/ESGF/CMIP6.11046,CAS,CMIP6,SSP126,CAMS-CSM1-0,,,r2i1p1f1,1,1,,GlobalExtent,,-179.5,179.5,-89.5,89.5,1,1,0,0,0,0,1,1,1,1,1,1,1,1,1,0,1,1,0,0,0,0,v20191106,v20191106,,,
CMIP6_CAMS-CSM1-0_ssp245,ipcc,https://doi.org/10.22033/ESGF/CMIP6.11047,CAS,CMIP6,SSP245,CAMS-CSM1-0,,,r2i1p1f1,1,1,,GlobalExtent,,-179.5,179.5,-89.5,89.5,1,1,0,0,0,0,1,1,1,1,1,1,1,1,1,0,1,1,0,0,0,0,v20200720,v20200720,,,
CMIP6_CAMS-CSM1-0_ssp370,ipcc,https://doi.org/10.22033/ESGF/CMIP6.11048,CAS,CMIP6,SSP370,CAMS-CSM1-0,,,r2i1p1f1,1,1,,GlobalExtent,,-179.5,179.5,-89.5,89.5,1,1,0,0,0,0,1,1,1,1,1,1,1,1,1,0,1,1,0,0,0,0,v20200720,v20200720,,,
CMIP6_CAMS-CSM1-0_ssp585,ipcc,https://doi.org/10.22033/ESGF/CMIP6.11052,CAS,CMIP6,SSP585,CAMS-CSM1-0,,,r2i1p1f1,1,1,,GlobalExtent,,-179.5,179.5,-89.5,89.5,1,1,0,0,0,0,1,1,1,1,1,1,1,1,1,0,1,1,0,0,0,0,v20191106,v20191106,,,
CMIP6_CESM2_historical,ipcc,https://doi.org/10.22033/ESGF/CMIP6.7627,NCAR,CMIP6,Historical,CESM2,,,r4i1p1f1,1.25,0.9,,GlobalExtent,,-179.375,179.375,-89.55,89.55,1,1,0,0,0,0,1,1,1,1,1,1,1,1,1,0,1,1,0,0,0,0,v20190308,v20190401,,,
CMIP6_CESM2_ssp126,ipcc,https://doi.org/10.22033/ESGF/CMIP6.7746,NCAR,CMIP6,SSP126,CESM2,,,r4i1p1f1,1.25,0.9,,GlobalExtent,,-179.375,179.375,-89.55,89.55,1,1,1,1,1,1,1,1,1,1,1,1,1,1,1,1,1,1,1,1,1,1,v20200528,v20200528,v20200528,v20200528,
CMIP6_CESM2_ssp245,ipcc,https://doi.org/10.22033/ESGF/CMIP6.7748,NCAR,CMIP6,SSP245,CESM2,,,r4i1p1f1,1.25,0.9,,GlobalExtent,,-179.375,179.375,-89.55,89.55,1,1,1,1,1,1,1,1,1,1,1,1,1,1,1,1,1,1,1,1,1,1,v20200528,v20200528,v20200528,v20200528,
CMIP6_CESM2_ssp370,ipcc,https://doi.org/10.22033/ESGF/CMIP6.7753,NCAR,CMIP6,SSP370,CESM2,,,r4i1p1f1,1.25,0.9,,GlobalExtent,,-179.375,179.375,-89.55,89.55,1,1,1,1,1,1,1,1,1,1,1,1,1,1,1,1,1,1,1,1,1,1,v20200528,v20200528,v20200528,v20200528,
CMIP6_CESM2_ssp585,ipcc,https://doi.org/10.22033/ESGF/CMIP6.7768,NCAR,CMIP6,SSP585,CESM2,,,r4i1p1f1,1.25,0.9,,GlobalExtent,,-179.375,179.375,-89.55,89.55,1,1,1,1,1,1,1,1,1,1,1,1,1,1,1,1,1,1,1,1,1,1,v20200528,v20200528,v20200528,v20200528,
CMIP6_CMCC-CM2-SR5_historical,ipcc,http://doi.org/10.22033/ESGF/CMIP6.3825,CMCC,CMIP6,Historical,CMCC-CM2-SR5,,,r1i1p1f1,1,1,,GlobalExtent,,-179.5,179.5,-89.5,89.5,1,1,0,0,0,0,1,1,1,1,1,1,1,1,1,0,1,1,0,0,0,0,v20200616,v20200616,,,
CMIP6_CMCC-CM2-SR5_ssp126,ipcc,http://doi.org/10.22033/ESGF/CMIP6.3887,CMCC,CMIP6,SSP126,CMCC-CM2-SR5,,,r1i1p1f1,1,1,,GlobalExtent,,-179.5,179.5,-89.5,89.5,1,1,0,0,0,0,1,1,1,1,1,1,1,1,1,0,1,1,0,0,0,0,v20200717,v20200717,,,
CMIP6_CMCC-CM2-SR5_ssp245,ipcc,http://doi.org/10.22033/ESGF/CMIP6.3889,CMCC,CMIP6,SSP245,CMCC-CM2-SR5,,,r1i1p1f1,1,1,,GlobalExtent,,-179.5,179.5,-89.5,89.5,1,1,0,0,0,0,1,1,1,1,1,1,1,1,1,0,1,1,0,0,0,0,v20200617,v20200617,,,
CMIP6_CMCC-CM2-SR5_ssp370,ipcc,http://doi.org/10.22033/ESGF/CMIP6.3890,CMCC,CMIP6,SSP370,CMCC-CM2-SR5,,,r1i1p1f1,1,1,,GlobalExtent,,-179.5,179.5,-89.5,89.5,1,1,0,0,0,0,1,1,1,1,1,1,1,1,1,0,1,1,0,0,0,0,v20200622,v20200622,,,
CMIP6_CMCC-CM2-SR5_ssp585,ipcc,http://doi.org/10.22033/ESGF/CMIP6.3896,CMCC,CMIP6,SSP585,CMCC-CM2-SR5,,,r1i1p1f1,1,1,,GlobalExtent,,-179.5,179.5,-89.5,89.5,1,1,0,0,0,0,1,1,1,1,1,1,1,1,1,0,1,1,0,0,0,0,v20200622,v20200622,,,
CMIP6_IITM-ESM_historical,ipcc,https://doi.org/10.22033/ESGF/CMIP6.3708,CCCR-IITM,CMIP6,Historical,IITM-ESM,,,r1i1p1f1,2,2,,GlobalExtent,,-179,179,-89,89,1,1,0,0,0,0,1,1,1,1,1,1,1,1,1,0,1,1,0,0,0,0,v20191226,v20191226,,,
CMIP6_IITM-ESM_ssp126,ipcc,https://doi.org/10.22033/ESGF/CMIP6.44,CCCR-IITM,CMIP6,SSP126,IITM-ESM,,,r1i1p1f1,2,2,,GlobalExtent,,-179,179,-89,89,1,1,1,1,1,1,1,1,1,1,1,1,1,1,1,1,1,1,1,1,1,1,v20201112,v20201112,v20201112,v20201112,
CMIP6_IITM-ESM_ssp245,ipcc,https://doi.org/10.22033/ESGF/CMIP6.44,CCCR-IITM,CMIP6,SSP245,IITM-ESM,,,r1i1p1f1,2,2,,GlobalExtent,,-179,179,-89,89,1,1,0,0,0,0,1,1,1,1,1,1,1,1,1,0,1,1,0,0,0,0,v20200915,v20200915,,,
CMIP6_IITM-ESM_ssp370,ipcc,https://doi.org/10.22033/ESGF/CMIP6.44,CCCR-IITM,CMIP6,SSP370,IITM-ESM,,,r1i1p1f1,2,2,,GlobalExtent,,-179,179,-89,89,1,1,0,0,0,0,1,1,1,1,1,1,1,1,1,0,1,1,0,0,0,0,v20200915,v20200915,,,
CMIP6_IITM-ESM_ssp585,ipcc,https://doi.org/10.22033/ESGF/CMIP6.44,CCCR-IITM,CMIP6,SSP585,IITM-ESM,,,r1i1p1f1,2,2,,GlobalExtent,,-179,179,-89,89,1,1,0,0,0,0,1,1,1,1,1,1,1,1,1,0,1,1,0,0,0,0,v20200915,v20200915,,,
CMIP6_KIOST-ESM_historical,ipcc,http://doi.org/10.22033/ESGF/CMIP6.5296,KIOST,CMIP6,Historical,KIOST-ESM,,,r1i1p1f1,1,1,,GlobalExtent,,-179.5,179.5,-89.5,89.5,1,1,1,1,1,1,1,1,1,1,1,1,1,1,1,1,1,1,1,1,1,1,v20191202,v20191202,v20191202,v20191202,
CMIP6_KIOST-ESM_126,ipcc,http://doi.org/10.22033/ESGF/CMIP6.11243,KIOST,CMIP6,SSP126,KIOST-ESM,,,r1i1p1f1,1,1,,GlobalExtent,,-179.5,179.5,-89.5,89.5,1,1,1,1,1,1,1,1,1,1,1,1,1,1,1,1,1,1,1,1,1,1,v20191202,v20191202,v20201012,v20191202,
CMIP6_KIOST-ESM_245,ipcc,http://doi.org/10.22033/ESGF/CMIP6.11244,KIOST,CMIP6,SSP245,KIOST-ESM,,,r1i1p1f1,1,1,,GlobalExtent,,-179.5,179.5,-89.5,89.5,1,1,1,1,1,1,1,1,1,1,1,1,1,1,1,1,1,1,1,1,1,1,v20191202,v20191202,v20201012,v20191202,
CMIP6_KIOST-ESM_585,ipcc,http://doi.org/10.22033/ESGF/CMIP6.11249,KIOST,CMIP6,SSP585,KIOST-ESM,,,r1i1p1f1,1,1,,GlobalExtent,,-179.5,179.5,-89.5,89.5,1,1,1,1,1,1,1,1,1,1,1,1,1,1,1,1,1,1,1,1,1,1,v20210125,v20210125,v20210125,v20210125,
CMIP6_MPI-ESM1-2-HR_historical,ipcc,https://doi.org/10.22033/ESGF/CMIP6.6594,MPI-M,CMIP6,Historical,MPI-ESM1-2-HR,,,r1i1p1f1,0.93,0.93,,GlobalExtent,,-179.535,179.535,-89.535,89.535,1,1,1,1,1,1,1,1,1,1,1,1,1,1,1,1,1,1,1,1,1,1,v20190710,v20190710,v20190710,v20190710,
CMIP6_MPI-ESM1-2-HR_ssp126,ipcc,https://doi.org/10.22033/ESGF/CMIP6.4397,DKRZ,CMIP6,SSP126,MPI-ESM1-2-HR,,,r1i1p1f1,0.93,0.93,,GlobalExtent,,-179.535,179.535,-89.535,89.535,1,1,1,1,1,1,1,1,1,1,1,1,1,1,1,1,1,1,1,1,1,1,v20190710,v20190710,v20190710,v20190710,
CMIP6_MPI-ESM1-2-HR_ssp245,ipcc,https://doi.org/10.22033/ESGF/CMIP6.4398,DKRZ,CMIP6,SSP245,MPI-ESM1-2-HR,,,r1i1p1f1,0.93,0.93,,GlobalExtent,,-179.535,179.535,-89.535,89.535,1,1,1,1,1,1,1,1,1,1,1,1,1,1,1,1,1,1,1,1,1,1,v20190710,v20190710,v20190710,v20190710,
CMIP6_MPI-ESM1-2-HR_ssp370,ipcc,https://doi.org/10.22033/ESGF/CMIP6.4399,DKRZ,CMIP6,SSP370,MPI-ESM1-2-HR,,,r1i1p1f1,0.93,0.93,,GlobalExtent,,-179.535,179.535,-89.535,89.535,1,1,1,1,1,1,1,1,1,1,1,1,1,1,1,1,1,1,1,1,1,1,v20190710,v20190710,v20190710,v20190710,
CMIP6_MPI-ESM1-2-HR_ssp585,ipcc,https://doi.org/10.22033/ESGF/CMIP6.4403,DKRZ,CMIP6,SSP585,MPI-ESM1-2-HR,,,r1i1p1f1,0.93,0.93,,GlobalExtent,,-179.535,179.535,-89.535,89.535,1,1,1,1,1,1,1,1,1,1,1,1,1,1,1,1,1,1,1,1,1,1,v20190710,v20190710,v20190710,v20190710,
CMIP6_TaiESM1_historical,ipcc,https://doi.org/10.22033/ESGF/CMIP6.9755,AS-RCEC,CMIP6,Historical,TaiESM1,,,r1i1p1f1,1.25,0.9,,GlobalExtent,,-179.375,179.375,-89.55,89.55,1,1,0,0,0,0,1,1,1,1,1,1,1,1,1,0,1,1,0,0,0,0,v20200626,v20200626,,,
CMIP6_TaiESM1_ssp585,ipcc,https://doi.org/10.22033/ESGF/CMIP6.9823,AS-RCEC,CMIP6,SSP585,TaiESM1,,,r1i1p1f1,1.25,0.9,,GlobalExtent,,-179.375,179.375,-89.55,89.55,1,1,0,0,0,0,1,1,1,1,1,1,1,1,1,0,1,1,0,0,0,0,v20200902,v20200902,,,
EWEMBI,ds,http://doi.org/10.5880/pik.2019.004,PIK,ISIMIP,,,,ObservationalDataset,,0.5,0.5,v1.1,GlobalExtent,,-179.75,179.75,-89.75,89.75,1,1,1,1,1,1,1,1,1,1,1,1,1,1,1,1,1,1,1,1,1,1,,,,,
W5E5,ds,https://doi.org/10.5880/pik.2019.023,PIK,ISIMIP,,,,ObservationalDataset,,0.5,0.5,v1.0,GlobalExtent,,-179.75,179.75,-89.75,89.75,1,1,1,1,1,1,1,1,1,1,1,1,1,1,1,1,1,1,1,1,1,1,,,,,
CORDEX-CAM-22_MOHC-HadGEM2-ES_historical_r1i1p1_GERICS-REMO2015_v1,ipcc,,GERICS,CORDEX-CAM,Historical,HADGEM2-ES,REMO2015,,r1i1p1,0.22,0.22,v1,CAM-22,,-124.1,-21.5,-19.4,35.4,1,1,1,1,1,1,1,1,1,1,1,1,1,1,1,1,1,1,1,1,1,1,v20191015,v20191015,v20191015,v20191015,v20191015
CORDEX-CAM-22_MOHC-HadGEM2-ES_rcp26_r1i1p1_GERICS-REMO2015_v1,ipcc,,GERICS,CORDEX-CAM,RCP26,HADGEM2-ES,REMO2015,,r1i1p1,0.22,0.22,v1,CAM-22,,-124.1,-21.5,-19.4,35.4,1,1,1,1,1,1,1,1,1,1,1,1,1,1,1,1,1,1,1,1,1,1,v20191025,v20191025,v20191025,v20191025,v20191025
CORDEX-CAM-22_MOHC-HadGEM2-ES_rcp85_r1i1p1_GERICS-REMO2015_v1,ipcc,,GERICS,CORDEX-CAM,RCP85,HADGEM2-ES,REMO2015,,r1i1p1,0.22,0.22,v1,CAM-22,,-124.1,-21.5,-19.4,35.4,1,1,1,1,1,1,1,1,1,1,1,1,1,1,1,1,1,1,1,1,1,1,v20191029,v20191029,v20191029,v20191029,v20191029
CORDEX-CAM-22_MPI-M-MPI-ESM-LR_historical_r1i1p1_GERICS-REMO2015_v1,ipcc,,GERICS,CORDEX-CAM,Historical,MPI-ESM-LR,REMO2015,,r1i1p1,0.22,0.22,v1,CAM-22,,-124.1,-21.5,-19.4,35.4,1,1,1,1,1,1,1,1,1,1,1,1,1,1,1,1,1,1,1,1,1,1,v20191015,v20191015,v20191015,v20191015,v20191015
CORDEX-CAM-22_MPI-M-MPI-ESM-LR_rcp26_r1i1p1_GERICS-REMO2015_v1,ipcc,,GERICS,CORDEX-CAM,RCP26,MPI-ESM-LR,REMO2015,,r1i1p1,0.22,0.22,v1,CAM-22,,-124.1,-21.5,-19.4,35.4,1,1,1,1,1,1,1,1,1,1,1,1,1,1,1,1,1,1,1,1,1,1,v20191025,v20191025,v20191025,v20191025,v20191025
CORDEX-CAM-22_MPI-M-MPI-ESM-LR_rcp85_r1i1p1_GERICS-REMO2015_v1,ipcc,,GERICS,CORDEX-CAM,RCP85,MPI-ESM-LR,REMO2015,,r1i1p1,0.22,0.22,v1,CAM-22,,-124.1,-21.5,-19.4,35.4,1,1,1,1,1,1,1,1,1,1,1,1,1,1,1,1,1,1,1,1,1,1,v20191029,v20191029,v20191029,v20191029,v20191029
CORDEX-CAM-22_NCC-NorESM1-M_historical_r1i1p1_GERICS-REMO2015_v1,ipcc,,GERICS,CORDEX-CAM,Historical,NORESM1-M,REMO2015,,r1i1p1,0.22,0.22,v1,CAM-22,,-124.1,-21.5,-19.4,35.4,1,1,1,1,1,1,1,1,1,1,1,1,1,1,1,1,1,1,1,1,1,1,v20191015,v20191015,v20191015,v20191015,v20191015
CORDEX-CAM-22_NCC-NorESM1-M_rcp26_r1i1p1_GERICS-REMO2015_v1,ipcc,,GERICS,CORDEX-CAM,RCP26,NORESM1-M,REMO2015,,r1i1p1,0.22,0.22,v1,CAM-22,,-124.1,-21.5,-19.4,35.4,1,1,1,1,1,1,1,1,1,1,1,1,1,1,1,1,1,1,1,1,1,1,v20191025,v20191025,v20191025,v20191025,v20191025
CORDEX-CAM-22_NCC-NorESM1-M_rcp85_r1i1p1_GERICS-REMO2015_v1,ipcc,,GERICS,CORDEX-CAM,RCP85,NORESM1-M,REMO2015,,r1i1p1,0.22,0.22,v1,CAM-22,,-124.1,-21.5,-19.4,35.4,1,1,1,1,1,1,1,1,1,1,1,1,1,1,1,1,1,1,1,1,1,1,v20191029,v20191029,v20191029,v20191029,v20191029
CORDEX-CAM-22_MOHC-HadGEM2-ES_historical_r1i1p1_ICTP-RegCM4-7_v0,ipcc,,ICTP,CORDEX-CAM,Historical,HADGEM2-ES,RegCM4-7,,r1i1p1,0.22,0.22,v0,CAM-22,,-124.1,-21.5,-19.4,35.4,1,1,1,1,1,1,1,1,1,1,1,1,1,1,1,1,1,1,1,1,1,1,v20190502,v20190502,v20190502,v20190502,v20190502
CORDEX-CAM-22_MOHC-HadGEM2-ES_rcp26_r1i1p1_ICTP-RegCM4-7_v0,ipcc,,ICTP,CORDEX-CAM,RCP26,HADGEM2-ES,RegCM4-7,,r1i1p1,0.22,0.22,v0,CAM-22,,-124.1,-21.5,-19.4,35.4,1,1,1,1,1,1,1,1,1,1,1,1,1,1,1,1,1,1,1,1,1,1,v20190502,v20190502,v20190502,v20190502,v20190502
CORDEX-CAM-22_MOHC-HadGEM2-ES_rcp85_r1i1p1_ICTP-RegCM4-7_v0,ipcc,,ICTP,CORDEX-CAM,RCP85,HADGEM2-ES,RegCM4-7,,r1i1p1,0.22,0.22,v0,CAM-22,,-124.1,-21.5,-19.4,35.4,1,1,1,1,1,1,1,1,1,1,1,1,1,1,1,1,1,1,1,1,1,1,v20190502,v20190502,v20190502,v20190502,v20190502
CORDEX-CAM-22_MPI-M-MPI-ESM-MR_historical_r1i1p1_ICTP-RegCM4-7_v0,ipcc,,ICTP,CORDEX-CAM,Historical,MPI-ESM-MR,RegCM4-7,,r1i1p1,0.22,0.22,v0,CAM-22,,-124.1,-21.5,-19.4,35.4,1,1,1,1,1,1,1,1,1,1,1,1,1,1,1,1,1,1,1,1,1,1,v20190502,v20190502,v20190502,v20190502,v20190502
CORDEX-CAM-22_MPI-M-MPI-ESM-MR_rcp26_r1i1p1_ICTP-RegCM4-7_v0,ipcc,,ICTP,CORDEX-CAM,RCP26,MPI-ESM-MR,RegCM4-7,,r1i1p1,0.22,0.22,v0,CAM-22,,-124.1,-21.5,-19.4,35.4,1,1,1,1,1,1,1,1,1,1,1,1,1,1,1,1,1,1,1,1,1,1,v20190502,v20190502,v20190502,v20190502,v20190502
CORDEX-CAM-22_MPI-M-MPI-ESM-MR_rcp85_r1i1p1_ICTP-RegCM4-7_v0,ipcc,,ICTP,CORDEX-CAM,RCP85,MPI-ESM-MR,RegCM4-7,,r1i1p1,0.22,0.22,v0,CAM-22,,-124.1,-21.5,-19.4,35.4,1,1,1,1,1,1,1,1,1,1,1,1,1,1,1,1,1,1,1,1,1,1,v20190502,v20190502,v20190502,v20190502,v20190502
CORDEX-CAM-22_NOAA-GFDL-GFDL-ESM2M_historical_r1i1p1_ICTP-RegCM4-7_v0,ipcc,,ICTP,CORDEX-CAM,Historical,GFDL-ESM2M,RegCM4-7,,r1i1p1,0.22,0.22,v0,CAM-22,,-124.1,-21.5,-19.4,35.4,1,1,1,1,1,1,1,1,1,1,1,1,1,1,1,1,1,1,1,1,1,1,v20190502,v20190502,v20190502,v20190502,v20190502
CORDEX-CAM-22_NOAA-GFDL-GFDL-ESM2M_rcp26_r1i1p1_ICTP-RegCM4-7_v0,ipcc,,ICTP,CORDEX-CAM,RCP26,GFDL-ESM2M,RegCM4-7,,r1i1p1,0.22,0.22,v0,CAM-22,,-124.1,-21.5,-19.4,35.4,1,1,1,1,1,1,1,1,1,1,1,1,1,1,1,1,1,1,1,1,1,1,v20190502,v20190502,v20190502,v20190502,v20190502
CORDEX-CAM-22_NOAA-GFDL-GFDL-ESM2M_rcp85_r1i1p1_ICTP-RegCM4-7_v0,ipcc,,ICTP,CORDEX-CAM,RCP85,GFDL-ESM2M,RegCM4-7,,r1i1p1,0.22,0.22,v0,CAM-22,,-124.1,-21.5,-19.4,35.4,1,1,1,1,1,1,1,1,1,1,1,1,1,1,1,1,1,1,1,1,1,1,v20190502,v20190502,v20190502,v20190502,v20190502
CORDEX-CAM-22_CCCma-CanESM2_historical_r1i1p1_OURANOS-CRCM5_v1,ipcc,,OURANOS,CORDEX-CAM,Historical,CANESM2,CRCM5,,r1i1p1,0.22,0.22,v1,CAM-22,,-124.1,-21.5,-19.4,35.4,1,1,1,1,1,1,1,1,1,1,1,1,1,1,1,1,1,1,1,1,1,1,v20201114,v20201114,v20201114,v20201114,
CORDEX-CAM-22_CCCma-CanESM2_rcp85_r1i1p1_OURANOS-CRCM5_v1,ipcc,,OURANOS,CORDEX-CAM,RCP85,CANESM2,CRCM5,,r1i1p1,0.22,0.22,v1,CAM-22,,-124.1,-21.5,-19.4,35.4,1,1,1,1,1,1,1,1,1,1,1,1,1,1,1,1,1,1,1,1,1,1,v20201114,v20201114,v20201114,v20201114,
CORDEX-CAM-22_CNRM-CERFACS-CNRM-CM5_historical_r1i1p1_OURANOS-CRCM5_v1,ipcc,,OURANOS,CORDEX-CAM,Historical,CNRM-CM5,CRCM5,,r1i1p1,0.22,0.22,v1,CAM-22,,-124.1,-21.5,-19.4,35.4,1,1,1,1,1,1,1,1,1,1,1,1,1,1,1,1,1,1,1,1,1,1,v20201114,v20201114,v20201114,v20201114,
CORDEX-CAM-22_CNRM-CERFACS-CNRM-CM5_rcp85_r1i1p1_OURANOS-CRCM5_v1,ipcc,,OURANOS,CORDEX-CAM,RCP85,CNRM-CM5,CRCM5,,r1i1p1,0.22,0.22,v1,CAM-22,,-124.1,-21.5,-19.4,35.4,1,1,1,1,1,1,1,1,1,1,1,1,1,1,1,1,1,1,1,1,1,1,v20201114,v20201114,v20201114,v20201114,
CORDEX-CAM-22_NOAA-GFDL-GFDL-ESM2M_historical_r1i1p1_OURANOS-CRCM5_v1,ipcc,,OURANOS,CORDEX-CAM,Historical,GFDL-ESM2M,CRCM5,,r1i1p1,0.22,0.22,v1,CAM-22,,-124.1,-21.5,-19.4,35.4,1,1,1,1,1,1,1,1,1,1,1,1,1,1,1,1,1,1,1,1,1,1,v20191130,v20191130,v20191130,v20191130,
CORDEX-CAM-22_NOAA-GFDL-GFDL-ESM2M_rcp85_r1i1p1_OURANOS-CRCM5_v1,ipcc,,OURANOS,CORDEX-CAM,RCP85,GFDL-ESM2M,CRCM5,,r1i1p1,0.22,0.22,v1,CAM-22,,-124.1,-21.5,-19.4,35.4,1,1,1,1,1,1,1,1,1,1,1,1,1,1,1,1,1,1,1,1,1,1,v20191130,v20191130,v20191130,v20191130,
CORDEX-CAM-44_MOHC-HadGEM2-ES_historical_r1i1p1_ICTP-RegCM4-3_v4,ipcc,,ICTP,CORDEX-CAM,Historical,HADGEM2-ES,RegCM4-3,,r1i1p1,0.44,0.44,v4,CAM-44,,-124.1,-21.5,-19.4,35.4,1,1,1,1,1,1,1,1,1,1,1,1,1,1,1,1,1,1,1,1,1,1,v20150213,v20150213,v20150213,v20150213,v20150213
CORDEX-CAM-44_MOHC-HadGEM2-ES_rcp85_r1i1p1_ICTP-RegCM4-3_v4,ipcc,,ICTP,CORDEX-CAM,RCP85,HADGEM2-ES,RegCM4-3,,r1i1p1,0.44,0.44,v4,CAM-44,,-124.1,-21.5,-19.4,35.4,1,1,1,1,1,1,1,1,1,1,1,1,1,1,1,1,1,1,1,1,1,1,v20150213,v20150213,v20150213,v20150213,v20150213
CORDEX-CAM-44_MPI-M-MPI-ESM-MR_historical_r1i1p1_ICTP-RegCM4-3_v4,ipcc,,ICTP,CORDEX-CAM,Historical,MPI-ESM-MR,RegCM4-3,,r1i1p1,0.44,0.44,v4,CAM-44,,-124.1,-21.5,-19.4,35.4,1,1,1,1,1,1,1,1,1,1,1,1,1,1,1,1,1,1,1,1,1,1,v20150213,v20150213,v20150213,v20150213,v20150213
CORDEX-CAM-44_MPI-M-MPI-ESM-MR_rcp85_r1i1p1_ICTP-RegCM4-3_v4,ipcc,,ICTP,CORDEX-CAM,RCP85,MPI-ESM-MR,RegCM4-3,,r1i1p1,0.44,0.44,v4,CAM-44,,-124.1,-21.5,-19.4,35.4,1,1,1,1,1,1,1,1,1,1,1,1,1,1,1,1,1,1,1,1,1,1,v20150213,v20150213,v20150213,v20150213,v20150213
CORDEX-CAM-44_CCCma-CanESM2_historical_r1i1p1_SMHI-RCA4_v1,ipcc,,SMHI,CORDEX-CAM,Historical,CANESM2,RCA4,,r1i1p1,0.44,0.44,v1,CAM-44,,-124.1,-21.5,-19.4,35.4,1,1,1,1,1,1,1,1,1,1,1,1,1,1,1,1,1,1,1,1,1,1,v20170508,v20170508,v20170508,v20170508,v20170508
CORDEX-CAM-44_CCCma-CanESM2_rcp85_r1i1p1_SMHI-RCA4_v1,ipcc,,SMHI,CORDEX-CAM,RCP85,CANESM2,RCA4,,r1i1p1,0.44,0.44,v1,CAM-44,,-124.1,-21.5,-19.4,35.4,1,1,1,1,1,1,1,1,1,1,1,1,1,1,1,1,1,1,1,1,1,1,v20170508,v20170508,v20170508,v20170508,v20170508
CORDEX-CAM-44_CNRM-CERFACS-CNRM-CM5_historical_r1i1p1_SMHI-RCA4_v1,ipcc,,SMHI,CORDEX-CAM,Historical,CNRM-CM5,RCA4,,r1i1p1,0.44,0.44,v1,CAM-44,,-124.1,-21.5,-19.4,35.4,1,1,1,1,1,1,1,1,1,1,1,1,1,1,1,1,1,1,1,1,1,1,v20170508,v20170508,v20170508,v20170508,v20170508
CORDEX-CAM-44_CNRM-CERFACS-CNRM-CM5_rcp85_r1i1p1_SMHI-RCA4_v1,ipcc,,SMHI,CORDEX-CAM,RCP85,CNRM-CM5,RCA4,,r1i1p1,0.44,0.44,v1,CAM-44,,-124.1,-21.5,-19.4,35.4,1,1,1,1,1,1,1,1,1,1,1,1,1,1,1,1,1,1,1,1,1,1,v20170508,v20170508,v20170508,v20170508,v20170508
CORDEX-CAM-44_CSIRO-QCCCE-CSIRO-Mk3-6-0_historical_r1i1p1_SMHI-RCA4_v1,ipcc,,SMHI,CORDEX-CAM,Historical,CSIRO-Mk3.6.0,RCA4,,r1i1p1,0.44,0.44,v1,CAM-44,,-124.1,-21.5,-19.4,35.4,1,1,1,1,1,1,1,1,1,1,1,1,1,1,1,1,1,1,1,1,1,1,v20170508,v20170508,v20170508,v20170508,v20170508
CORDEX-CAM-44_CSIRO-QCCCE-CSIRO-Mk3-6-0_rcp85_r1i1p1_SMHI-RCA4_v1,ipcc,,SMHI,CORDEX-CAM,RCP85,CSIRO-Mk3.6.0,RCA4,,r1i1p1,0.44,0.44,v1,CAM-44,,-124.1,-21.5,-19.4,35.4,1,1,1,1,1,1,1,1,1,1,1,1,1,1,1,1,1,1,1,1,1,1,v20170508,v20170508,v20170508,v20170508,v20170508
CORDEX-CAM-44_ICHEC-EC-EARTH_historical_r12i1p1_SMHI-RCA4_v1,ipcc,,SMHI,CORDEX-CAM,Historical,EC-EARTH,RCA4,,r12i1p1,0.44,0.44,v1,CAM-44,,-124.1,-21.5,-19.4,35.4,1,1,1,1,1,1,1,1,1,1,1,1,1,1,1,1,1,1,1,1,1,1,v20150522,v20150522,v20150522,v20150522,v20150522
CORDEX-CAM-44_ICHEC-EC-EARTH_rcp26_r12i1p1_SMHI-RCA4_v1,ipcc,,SMHI,CORDEX-CAM,RCP26,EC-EARTH,RCA4,,r12i1p1,0.44,0.44,v1,CAM-44,,-124.1,-21.5,-19.4,35.4,1,1,1,1,1,1,1,1,1,1,1,1,1,1,1,1,1,1,1,1,1,1,v20150522,v20150522,v20150522,v20150522,v20150522
CORDEX-CAM-44_ICHEC-EC-EARTH_rcp45_r12i1p1_SMHI-RCA4_v1,ipcc,,SMHI,CORDEX-CAM,RCP45,EC-EARTH,RCA4,,r12i1p1,0.44,0.44,v1,CAM-44,,-124.1,-21.5,-19.4,35.4,1,1,1,1,1,1,1,1,1,1,1,1,1,1,1,1,1,1,1,1,1,1,v20150522,v20150522,v20150522,v20150522,v20150522
CORDEX-CAM-44_ICHEC-EC-EARTH_rcp85_r12i1p1_SMHI-RCA4_v1,ipcc,,SMHI,CORDEX-CAM,RCP85,EC-EARTH,RCA4,,r12i1p1,0.44,0.44,v1,CAM-44,,-124.1,-21.5,-19.4,35.4,1,1,1,1,1,1,1,1,1,1,1,1,1,1,1,1,1,1,1,1,1,1,v20150522,v20150522,v20150522,v20150522,v20150522
CORDEX-CAM-44_IPSL-IPSL-CM5A-MR_historical_r1i1p1_SMHI-RCA4_v1,ipcc,,SMHI,CORDEX-CAM,Historical,IPSL-CM5A-MR,RCA4,,r1i1p1,0.44,0.44,v1,CAM-44,,-124.1,-21.5,-19.4,35.4,1,1,1,1,1,1,1,1,1,1,1,1,1,1,1,1,1,1,1,1,1,1,v20170508,v20170508,v20170508,v20170508,v20170508
CORDEX-CAM-44_IPSL-IPSL-CM5A-MR_rcp85_r1i1p1_SMHI-RCA4_v1,ipcc,,SMHI,CORDEX-CAM,RCP85,IPSL-CM5A-MR,RCA4,,r1i1p1,0.44,0.44,v1,CAM-44,,-124.1,-21.5,-19.4,35.4,1,1,1,1,1,1,1,1,1,1,1,1,1,1,1,1,1,1,1,1,1,1,v20170508,v20170508,v20170508,v20170508,v20170508
CORDEX-CAM-44_MIROC-MIROC5_historical_r1i1p1_SMHI-RCA4_v1,ipcc,,SMHI,CORDEX-CAM,Historical,MIROC5,RCA4,,r1i1p1,0.44,0.44,v1,CAM-44,,-124.1,-21.5,-19.4,35.4,1,1,1,1,1,1,1,1,1,1,1,1,1,1,1,1,1,1,1,1,1,1,v20170508,v20170508,v20170508,v20170508,v20170508
CORDEX-CAM-44_MIROC-MIROC5_rcp26_r1i1p1_SMHI-RCA4_v1,ipcc,,SMHI,CORDEX-CAM,RCP26,MIROC5,RCA4,,r1i1p1,0.44,0.44,v1,CAM-44,,-124.1,-21.5,-19.4,35.4,1,1,1,1,1,1,1,1,1,1,1,1,1,1,1,1,1,1,1,1,1,1,v20170508,v20170508,v20170508,v20170508,v20170508
CORDEX-CAM-44_MIROC-MIROC5_rcp85_r1i1p1_SMHI-RCA4_v1,ipcc,,SMHI,CORDEX-CAM,RCP85,MIROC5,RCA4,,r1i1p1,0.44,0.44,v1,CAM-44,,-124.1,-21.5,-19.4,35.4,1,1,1,1,1,1,1,1,1,1,1,1,1,1,1,1,1,1,1,1,1,1,v20170508,v20170508,v20170508,v20170508,v20170508
CORDEX-CAM-44_MOHC-HadGEM2-ES_historical_r1i1p1_SMHI-RCA4_v1,ipcc,,SMHI,CORDEX-CAM,Historical,HADGEM2-ES,RCA4,,r1i1p1,0.44,0.44,v1,CAM-44,,-124.1,-21.5,-19.4,35.4,1,1,1,1,1,1,1,1,1,1,1,1,1,1,1,1,1,1,1,1,1,1,v20141105,v20141105,v20141105,v20141105,v20141105
CORDEX-CAM-44_MOHC-HadGEM2-ES_rcp26_r1i1p1_SMHI-RCA4_v1,ipcc,,SMHI,CORDEX-CAM,RCP26,HADGEM2-ES,RCA4,,r1i1p1,0.44,0.44,v1,CAM-44,,-124.1,-21.5,-19.4,35.4,1,1,1,1,1,1,1,1,1,1,1,1,1,1,1,1,1,1,1,1,1,1,v20170508,v20170508,v20170508,v20170508,v20170508
CORDEX-CAM-44_MOHC-HadGEM2-ES_rcp45_r1i1p1_SMHI-RCA4_v1,ipcc,,SMHI,CORDEX-CAM,RCP45,HADGEM2-ES,RCA4,,r1i1p1,0.44,0.44,v1,CAM-44,,-124.1,-21.5,-19.4,35.4,1,1,1,1,1,1,1,1,1,1,1,1,1,1,1,1,1,1,1,1,1,1,v20141105,v20141105,v20141105,v20141105,v20141105
CORDEX-CAM-44_MOHC-HadGEM2-ES_rcp85_r1i1p1_SMHI-RCA4_v1,ipcc,,SMHI,CORDEX-CAM,RCP85,HADGEM2-ES,RCA4,,r1i1p1,0.44,0.44,v1,CAM-44,,-124.1,-21.5,-19.4,35.4,1,1,1,1,1,1,1,1,1,1,1,1,1,1,1,1,1,1,1,1,1,1,v20141105,v20141105,v20141105,v20141105,v20141105
CORDEX-CAM-44_MPI-M-MPI-ESM-LR_historical_r1i1p1_SMHI-RCA4_v1,ipcc,,SMHI,CORDEX-CAM,Historical,MPI-ESM-LR,RCA4,,r1i1p1,0.44,0.44,v1,CAM-44,,-124.1,-21.5,-19.4,35.4,1,1,1,1,1,1,1,1,1,1,1,1,1,1,1,1,1,1,1,1,1,1,v20141105,v20141105,v20141105,v20141105,v20141105
CORDEX-CAM-44_MPI-M-MPI-ESM-LR_rcp26_r1i1p1_SMHI-RCA4_v1,ipcc,,SMHI,CORDEX-CAM,RCP26,MPI-ESM-LR,RCA4,,r1i1p1,0.44,0.44,v1,CAM-44,,-124.1,-21.5,-19.4,35.4,1,1,1,1,1,1,1,1,1,1,1,1,1,1,1,1,1,1,1,1,1,1,v20170508,v20170508,v20170508,v20170508,v20170508
CORDEX-CAM-44_MPI-M-MPI-ESM-LR_rcp45_r1i1p1_SMHI-RCA4_v1,ipcc,,SMHI,CORDEX-CAM,RCP45,MPI-ESM-LR,RCA4,,r1i1p1,0.44,0.44,v1,CAM-44,,-124.1,-21.5,-19.4,35.4,1,1,1,1,1,1,1,1,1,1,1,1,1,1,1,1,1,1,1,1,1,1,v20141105,v20141105,v20141105,v20141105,v20141105
CORDEX-CAM-44_MPI-M-MPI-ESM-LR_rcp85_r1i1p1_SMHI-RCA4_v1,ipcc,,SMHI,CORDEX-CAM,RCP85,MPI-ESM-LR,RCA4,,r1i1p1,0.44,0.44,v1,CAM-44,,-124.1,-21.5,-19.4,35.4,1,1,1,1,1,1,1,1,1,1,1,1,1,1,1,1,1,1,1,1,1,1,v20141105,v20141105,v20141105,v20141105,v20141105
CORDEX-CAM-44_NCC-NorESM1-M_historical_r1i1p1_SMHI-RCA4_v1,ipcc,,SMHI,CORDEX-CAM,Historical,NORESM1-M,RCA4,,r1i1p1,0.44,0.44,v1,CAM-44,,-124.1,-21.5,-19.4,35.4,1,1,1,1,1,1,1,1,1,1,1,1,1,1,1,1,1,1,1,1,1,1,v20170508,v20170508,v20170508,v20170508,v20170508
CORDEX-CAM-44_NCC-NorESM1-M_rcp26_r1i1p1_SMHI-RCA4_v1,ipcc,,SMHI,CORDEX-CAM,RCP26,NORESM1-M,RCA4,,r1i1p1,0.44,0.44,v1,CAM-44,,-124.1,-21.5,-19.4,35.4,1,1,1,1,1,1,1,1,1,1,1,1,1,1,1,1,1,1,1,1,1,1,v20170508,v20170508,v20170508,v20170508,v20170508
CORDEX-CAM-44_NCC-NorESM1-M_rcp85_r1i1p1_SMHI-RCA4_v1,ipcc,,SMHI,CORDEX-CAM,RCP85,NORESM1-M,RCA4,,r1i1p1,0.44,0.44,v1,CAM-44,,-124.1,-21.5,-19.4,35.4,1,1,1,1,1,1,1,1,1,1,1,1,1,1,1,1,1,1,1,1,1,1,v20170508,v20170508,v20170508,v20170508,v20170508
CORDEX-CAM-44_NOAA-GFDL-GFDL-ESM2M_historical_r1i1p1_SMHI-RCA4_v1,ipcc,,SMHI,CORDEX-CAM,Historical,GFDL-ESM2M,RCA4,,r1i1p1,0.44,0.44,v1,CAM-44,,-124.1,-21.5,-19.4,35.4,1,1,1,1,1,1,1,1,1,1,1,1,1,1,1,1,1,1,1,1,1,1,v20170508,v20170508,v20170508,v20170508,v20170508
CORDEX-CAM-44_NOAA-GFDL-GFDL-ESM2M_rcp85_r1i1p1_SMHI-RCA4_v1,ipcc,,SMHI,CORDEX-CAM,RCP85,GFDL-ESM2M,RCA4,,r1i1p1,0.44,0.44,v1,CAM-44,,-124.1,-21.5,-19.4,35.4,1,1,1,1,1,1,1,1,1,1,1,1,1,1,1,1,1,1,1,1,1,1,v20170508,v20170508,v20170508,v20170508,v20170508
